id,domain,status,purchase_price,renewal_price,attractiveness,demand,length,registrar,created_at,expires_at,status_verified_at
c609626d-28fb-416c-a7d8-494410941b5a,suffered.quest,available,1.99,17.29,low,low,8,namesilo,,,27/09/2026 02:46
0e08824a-483c-4cad-8c40-a727c5a9a9e0,arlington.quest,available,1.99,17.29,medium,low,9,namesilo,,,20/09/2026 06:16
b5042621-cbb9-4da8-ba02-b4544da52c1e,conclusive.quest,available,1.8,21.98,high,low,10,namecheap,,,23/09/2026 19:11
9c9d7429-85ad-46ae-970b-d83e92eee4e1,impotent.quest,available,1.8,19.98,medium,low,8,namecheap,,,21/08/2026 22:52
799006a1-6f55-4a66-b412-def06af00ab3,dying.quest,available,1.99,17.29,high,low,5,namesilo,,,24/09/2026 12:37
a34ae933-ad17-4a47-b1d8-a67ad2b190cf,venezuelan.quest,available,1.8,21.98,high,low,10,namecheap,,,13/09/2026 02:04
1b2926fc-de38-4883-9af5-1b57aa0949ad,retired.quest,available,1.24,13.97,high,low,7,spaceship,,,27/09/2026 13:17
334d5edc-705d-4bbd-bce2-c45ccd1fc3ae,improvise.quest,available,1.99,17.29,high,low,9,namesilo,,,21/09/2026 16:45
7e02ba73-e5b7-4959-b804-a0cb8fecac1b,inviolable.quest,available,1.8,19.98,medium,low,10,namecheap,,,21/08/2026 23:02
dcc41dc9-b29c-4409-94c9-bf05b24fe394,hazard.quest,available,,,medium,low,6,,,,
9a58c55b-cddf-4b6d-9c83-c4fabf32d24c,stain.quest,available,1.99,17.29,high,low,5,namesilo,,,25/09/2026 16:55
caa72d29-c035-4d27-bc20-f42c80b55aed,views.quest,available,1.99,17.29,high,low,5,namesilo,,,16/09/2026 22:00
4e479761-42a1-449d-9f61-cac4c733e12b,drain.quest,available,1.99,17.29,high,low,5,namesilo,,,24/09/2026 23:49
f381ae4a-fc12-421b-8a58-b8f8b68e74f7,vexer.quest,available,1.99,17.29,medium,low,5,namesilo,,,19/09/2026 10:52
07b3c70c-dd2e-4301-87a1-c658b24cb27d,labour.quest,available,1.99,17.29,high,low,6,namesilo,,,25/09/2026 11:28
016f62c3-91e1-4012-b75a-dfbe0ab9d74b,nose.quest,resell,1.99,,high,low,4,"GoDaddy.com, LLC",08/04/2026 14:00,08/04/2027 23:59,26/09/2026 07:49
2239fe98-6776-433c-b2c9-548d112c7685,neighbourhood.quest,available,1.99,17.29,high,low,13,namesilo,,,17/09/2026 15:31
9afd5094-1cac-498d-9e3a-47d409ffa3ce,phylliform.quest,available,1.8,21.98,high,medium,10,namecheap,,,08/09/2026 19:24
c407fa42-e380-407a-b27b-9c9ea8d2f27e,blither.quest,available,1.8,21.98,medium,low,7,namecheap,,,24/09/2026 04:54
cd039d84-21f7-4bf5-8582-47c4ea3e777b,existing.quest,available,1.99,17.29,high,low,8,namesilo,,,24/09/2026 15:59
595e7bfb-5e14-45ba-adc5-4183f339ba65,imbecile.quest,available,1.8,19.98,medium,low,8,namecheap,,,21/08/2026 20:22
ce77d054-6f2c-48c5-a48f-51845a1b6ce1,attempted.quest,available,1.8,19.98,medium,low,9,namecheap,,,07/08/2026 15:12
db703aed-934f-4599-96bd-9edf9fc566fd,lol.quest,resell,,,high,low,3,"Spaceship, Inc.",06/04/2026 20:52,06/04/2027 23:59,26/09/2026 07:18
ab56127f-5214-4894-8357-ceb9da8a68a8,ativan.quest,available,1.99,20.99,medium,low,6,name.com,,,20/09/2026 21:30
71c9161d-0c28-4375-a2b7-fa996723fd69,reticular.quest,available,1.8,21.98,medium,low,9,namecheap,,,09/09/2026 15:34
fb05ad22-eb37-4877-bbc2-bf529cb32632,ascending.quest,available,1.8,19.98,high,low,9,namecheap,,,07/08/2026 00:51
f5ba5771-0769-4a27-ad40-6efae798a17e,meanly.quest,available,1.8,21.98,medium,low,6,namecheap,,,13/09/2026 23:32
961af6ed-8d20-401e-bd86-d54502f56b03,feathered.quest,available,1.8,19.98,high,low,9,namecheap,,,18/08/2026 00:19
3b650694-6768-429a-824b-d5bdee194db0,sylvia.quest,available,1.8,21.98,high,low,6,namecheap,,,27/09/2026 19:08
41fad693-f755-45e8-9733-0265a550de76,statute.quest,available,1.8,21.98,high,low,7,namecheap,,,10/09/2026 19:18
07c7aac2-ca53-4846-a15f-cbc06be98691,apical.quest,available,1.8,19.98,medium,low,6,namecheap,,,05/08/2026 23:58
4ec25fb4-7804-4cdc-a78b-77e171fc8220,license.quest,resell,,,high,low,7,"Spaceship, Inc.",28/05/2026 19:26,28/05/2027 23:59,26/09/2026 07:13
3b462b70-3e12-4c5c-9460-0cd4ca7e7059,detain.quest,available,1.8,21.98,high,low,6,namecheap,,,24/09/2026 21:28
f080f240-7191-4a05-b2c5-f0e8e56e7e1b,sympathetic.quest,available,1.99,,high,low,11,name.com,,,
186d98cc-47d5-4318-9667-53d3867774d9,structured.quest,available,1.8,21.98,high,low,10,namecheap,,,10/09/2026 22:50
9b7b314a-65e5-4711-b295-e60580864cc3,felonious.quest,available,1.8,19.98,medium,low,9,namecheap,,,18/08/2026 00:58
102defbf-cc67-406b-b28c-0e20beda2f0f,floaty.quest,available,1.8,19.98,high,low,6,namecheap,,,11/08/2026 10:08
4e699666-eee0-425e-8514-b201df6caa40,objectives.quest,available,1.99,17.29,high,low,10,namesilo,,,17/09/2026 15:43
1022428d-cf5a-4e11-8aee-c90297274c69,trier.quest,available,1.99,17.29,medium,low,5,namesilo,,,21/09/2026 01:21
29859130-0e36-46e9-bda9-e7bf75033c8d,homosexual.quest,available,1.8,19.98,high,low,10,namecheap,,,18/08/2026 20:54
22c9d5b5-5868-4d61-b4dd-c23e97ac192f,almsgiving.quest,available,1.99,17.29,medium,low,10,namesilo,,,18/09/2026 12:43
3f937704-0065-4d61-83b9-2761a2ab383a,serves.quest,available,1.99,17.29,medium,low,6,namesilo,,,18/09/2026 11:42
89aa3839-d305-433b-8474-edda58efc427,soh.quest,available,1.8,21.98,medium,low,3,namecheap,,,16/09/2026 03:36
8c51604f-ba48-4e2f-bd12-710e37945e36,passionately.quest,available,1.99,,high,low,12,name.com,,,
80b7dfc8-fea5-4a03-bf48-8ecc5f9a3d6b,unsound.quest,available,1.99,17.29,medium,low,7,namesilo,,,24/09/2026 16:24
3b76a83f-eed7-416c-8ac6-2a8f5f2dd359,cancellous.quest,available,1.8,19.98,medium,low,10,namecheap,,,11/08/2026 16:31
dbef18fe-2300-4854-a1ce-2c3253fde8d6,hoarse.quest,available,1.8,19.98,medium,low,6,namecheap,,,21/08/2026 10:10
a6ad3dc6-2302-4bdc-8e48-7762993d9f5a,allomorph.quest,available,1.8,21.98,medium,low,9,namecheap,,,18/09/2026 11:59
03d2d4f4-5a67-4523-8814-6f2099a8dbc5,lowbred.quest,available,1.8,19.98,low,low,7,namecheap,,,10/08/2026 22:02
1910fbae-0f52-47a9-bb4a-32832679c631,tended.quest,available,1.99,17.29,medium,low,6,namesilo,,,18/09/2026 22:30
8e1deae0-ea7d-4e4a-bfe5-45bdff7aed81,remembers.quest,available,1.24,13.97,medium,low,9,spaceship,,,28/09/2026 00:17
8002758c-b6b5-463f-ac0f-6af9711baa34,avarice.quest,available,1.99,17.29,medium,low,7,namesilo,,,21/09/2026 08:42
c47a4292-ea11-4bc4-810b-00ad52820f9b,burr.quest,available,1.99,17.29,medium,low,4,namesilo,,,16/09/2026 13:29
4e2c181e-fad9-49d6-9b30-cb05b820899a,coequal.quest,available,1.8,19.98,medium,low,7,namecheap,,,12/08/2026 15:22
70e7b33f-2dca-4b68-8c25-1ca36ee92454,consistently.quest,available,1.99,15.75,high,low,12,namesilo,,,
1252274a-32ed-441a-9241-7371fc8c61ae,healthier.quest,available,1.8,21.98,high,low,9,namecheap,,,24/09/2026 19:03
61b5e601-1522-4480-b3fc-c56154f476bc,boozy.quest,available,1.8,19.98,low,low,5,namecheap,,,09/08/2026 19:00
368b3d12-9740-4a6f-b7fe-782a2016953c,barbecued.quest,available,1.8,19.98,medium,low,9,namecheap,,,08/08/2026 16:25
b7c72087-a67f-4980-aa4a-f27d4cef43a8,anchovy.quest,available,1.99,17.29,high,low,7,namesilo,,,19/09/2026 03:46
fd279f00-a1d5-43f9-898c-33536c0e2750,nutella.quest,available,1.99,17.29,high,medium,7,namesilo,,,19/09/2026 10:13
331d0b43-dc31-463b-be0a-9605395222a6,erudite.quest,available,1.8,19.98,high,low,7,namecheap,,,17/08/2026 13:10
5726227b-577c-4eb0-bd5b-731ba21c5bb9,jocund.quest,available,1.8,19.98,medium,low,6,namecheap,,,22/08/2026 13:40
bd9a0886-6793-4240-ab37-059f32394e69,campaigning.quest,available,1.99,15.75,high,low,11,namesilo,,,
95f3e45e-c3d3-47f5-8e13-b2069caf68b9,containers.quest,available,1.8,21.98,medium,low,10,namecheap,,,19/09/2026 01:32
f559cf17-f284-4a91-a9f2-c3b887393f1d,uppish.quest,available,1.8,19.98,low,low,6,namecheap,,,09/08/2026 20:46
f6bc564c-04d8-4f29-9e71-436d32cd91cf,msa.quest,available,1.24,13.97,high,low,3,spaceship,,,28/09/2026 03:30
2126dbfc-9ac5-41d0-82a4-e4eeb15c3fd3,wysiwyg.quest,available,1.8,21.98,high,low,7,namecheap,,,13/09/2026 13:51
2c379aee-4c7d-4489-89d9-49470ad7d556,legion.quest,premium,2660,2660,high,low,6,namesilo,,,25/09/2026 13:28
9efcc83e-2f27-4f03-8e8b-d21ff901dc9e,carbon.quest,resell,,,high,medium,6,Dynadot Inc,08/02/2026 05:15,08/02/2027 23:59,26/09/2026 04:46
68418272-22f4-49da-a8dd-9f4428f5c42b,artiste.quest,available,1.99,17.29,high,low,7,namesilo,,,20/09/2026 11:55
10bcfe14-9967-4066-aa31-4c892e978542,helped.quest,available,1.8,21.98,medium,low,6,namecheap,,,25/09/2026 18:33
9c0d57a6-761b-499d-9972-991b8fedcf79,monkish.quest,available,1.8,19.98,medium,low,7,namecheap,,,25/08/2026 04:53
0e7d5e87-48a8-418c-abb6-2653ab5e9454,stomach.quest,available,1.99,17.29,high,low,7,namesilo,,,16/09/2026 14:47
106cf005-27b7-4ed9-9f5c-f08eaecbe4e7,forego.quest,available,1.8,19.98,high,low,6,namecheap,,,18/08/2026 11:52
0aba3622-af09-42bc-a297-9a8709931ce1,fungal.quest,available,1.8,19.98,medium,low,6,namecheap,,,18/08/2026 18:28
2e41f7db-8c24-4db1-92df-5652804617ef,albedo.quest,available,1.99,17.29,high,low,6,namesilo,,,18/09/2026 02:30
5ea78a5c-19e4-4b57-b0f1-4690fadb4577,author.quest,resell,,,high,low,6,Dynadot Inc,28/08/2026 12:22,28/08/2027 23:59,26/09/2026 04:09
9178e6bc-a620-4aeb-adc6-aea666f46153,vicarious.quest,available,1.8,21.98,medium,low,9,namecheap,,,13/09/2026 05:15
1c2f970a-4740-4c74-bdde-7a7585cc7d8f,indistinct.quest,available,1.8,19.98,medium,low,10,namecheap,,,22/08/2026 03:14
c8183d2d-b71d-4c86-ba6a-d4abfbd3bca4,castellano.quest,available,1.99,15.75,medium,low,10,namesilo,,,
bd63ffad-b3cd-48ef-80b6-79a9df437dcf,manlike.quest,available,1.8,19.98,medium,low,7,namecheap,,,24/08/2026 14:48
e20824f9-7cfa-4835-a65f-43214ec04b6c,rca.quest,available,1.99,17.29,high,medium,3,namesilo,,,25/09/2026 14:08
9b7a4d37-8fbe-4b9c-bcfb-40dd82a167b5,indifferent.quest,available,1.99,,high,low,11,name.com,,,
bde7919d-fd25-4c46-85b2-573704e9aed2,while.quest,available,,,high,low,5,,,,
ab79f81d-0465-4987-a08b-092bf22f55fa,already.quest,available,1.99,15.75,high,low,7,namesilo,,,
cadbf61f-7c52-4eb2-b2f0-cd30243ded09,linnaean.quest,available,1.8,19.98,medium,low,8,namecheap,,,23/08/2026 16:38
16cfbcbe-553c-4a71-a351-923ed169ec18,landlocked.quest,available,1.8,19.98,medium,low,10,namecheap,,,22/08/2026 19:26
3d5703b5-4bd7-4eca-9d4c-ce209dff6b70,amniota.quest,available,1.99,17.29,medium,low,7,namesilo,,,18/09/2026 22:27
22cb7406-64e0-4927-8353-627999b5dbec,unthankful.quest,available,1.8,21.98,medium,low,10,namecheap,,,11/09/2026 12:29
9e9f932f-7f7b-4ec7-91ff-1e7649517782,bonhomie.quest,available,1.99,17.29,high,low,8,namesilo,,,17/09/2026 13:57
3d60392e-860b-44d4-a5d6-cf3871bd95d1,dominion.quest,premium,2600,2600,high,low,8,namecheap,,,24/09/2026 23:09
99ce1c92-df4a-474a-be9e-c54920101612,alfresco.quest,available,1.8,19.98,medium,low,8,namecheap,,,
d9d45bc1-0a3b-41fa-96dd-00b169cdda58,operators.quest,available,1.99,17.29,medium,low,9,namesilo,,,24/09/2026 03:39
2808b785-0f8a-4899-aa4f-30de26795a0f,kinsey.quest,available,1.8,21.98,high,low,6,namecheap,,,18/09/2026 06:26
2b77b4b9-5297-4f4b-98e1-0f2e7447cc96,soissons.quest,available,1.99,17.29,medium,low,8,namesilo,,,22/09/2026 15:58
eddcbbc8-7e31-4ff3-9d53-ff8cc1a0fd1b,prayed.quest,available,1.99,17.29,medium,low,6,namesilo,,,18/09/2026 02:41
afa0d7b0-9817-49c8-b9a2-181d82f680d7,gallican.quest,available,1.8,19.98,medium,low,8,namecheap,,,18/08/2026 19:40
a3367c2d-e2e7-47ce-8f16-7222a5112759,lullaby.quest,available,1.99,17.29,high,low,7,namesilo,,,23/09/2026 09:09
039df0a9-3075-420e-aabe-e203fc3629a5,bicker.quest,available,1.99,17.29,medium,low,6,namesilo,,,23/09/2026 13:12
443ecd8e-7961-4095-9c1f-e797aa23c658,gang.quest,premium,812.5,,high,low,4,name.com,,,
7e07d694-f469-428e-ba30-fe255e910533,salted.quest,available,1.8,19.98,high,low,6,namecheap,,,11/08/2026 04:21
7320fe84-cec6-4b57-b4ef-2efdbf79a724,jackson.quest,available,1.99,17.29,high,low,7,namesilo,,,19/09/2026 04:43
37da455a-92d2-451f-b36a-2d9c0e58c617,philadelphia.quest,available,1.99,,high,low,12,name.com,,,
cc1ae06d-e2a7-4276-88fe-aae70ef88ed7,censure.quest,available,1.99,17.29,medium,low,7,namesilo,,,19/09/2026 08:29
f067a97f-1601-4201-9aad-f49fe6ab2790,bumpkin.quest,available,1.8,19.98,medium,low,7,namecheap,,,21/08/2026 08:07
2dc05a34-2b15-4236-835e-86a9ea68dc87,casteless.quest,available,1.8,19.98,medium,low,9,namecheap,,,11/08/2026 20:25
0d29472a-e127-4e53-85ca-348546462ab3,ecological.quest,available,1.99,20.99,high,low,10,name.com,,,22/09/2026 21:01
8eafa214-51b4-4795-bac7-ee4482e44e3c,contested.quest,available,1.8,21.98,medium,low,9,namecheap,,,23/09/2026 22:01
b25902c6-7976-4912-a208-d2d145d8b206,vacantly.quest,available,1.99,17.29,low,low,8,namesilo,,,16/09/2026 10:32
9e819aef-fe99-4210-8124-4cea4e9a3030,acetylene.quest,available,1.8,21.98,medium,low,9,namecheap,,,17/09/2026 00:22
2b33f149-f433-416f-a61b-0313a70dec79,unharmed.quest,available,1.8,21.98,high,low,8,namecheap,,,12/09/2026 12:00
354b4d55-7fd4-4484-8b00-d2824b0efd90,ser.quest,available,1.99,,high,low,3,name.com,,,
f77a5e9f-679c-4897-b297-da2de74d24ff,gismo.quest,available,1.99,17.29,medium,low,5,namesilo,,,19/09/2026 21:49
11265f3b-f76d-4487-b463-f7cef731a31b,armiger.quest,available,1.99,17.29,medium,low,7,namesilo,,,20/09/2026 06:59
c20ce360-c5dc-46bb-8d81-5784425b3406,ribbing.quest,available,1.8,21.98,medium,low,7,namecheap,,,11/09/2026 10:01
03dcc3a7-5263-43c7-b064-25f47817a51e,enatic.quest,available,1.8,19.98,medium,low,6,namecheap,,,16/08/2026 21:20
dce35690-199b-4bb4-a12d-475b23a53968,infantile.quest,available,1.8,19.98,medium,low,9,namecheap,,,12/08/2026 05:04
24eda351-2ae2-45de-bf9e-9256ea72ed4f,bacchanal.quest,available,1.8,19.98,high,low,9,namecheap,,,08/08/2026 04:14
f61eef61-74d1-4a6f-a514-857223a3cef5,columnar.quest,available,1.8,19.98,medium,low,8,namecheap,,,12/08/2026 18:14
5f48e220-c331-4110-9cd1-3568de807413,husbandry.quest,available,1.8,19.98,high,low,9,namecheap,,,17/08/2026 22:35
61e688cd-15b0-4140-a48f-6c9ba0eb4c99,imminently.quest,available,1.8,21.98,medium,low,10,namecheap,,,15/09/2026 02:00
d5678217-8427-4242-a631-e221e53c63ca,mongolian.quest,available,1.8,19.98,high,low,9,namecheap,,,25/08/2026 04:47
241feef1-da54-44c2-b5e2-e67c7886b2b4,guiltless.quest,available,1.8,19.98,high,low,9,namecheap,,,12/08/2026 10:18
e2f28021-59f6-44d6-b1be-8b3923748509,paniculate.quest,available,1.8,21.98,medium,low,10,namecheap,,,05/09/2026 01:01
3ebdb303-768d-4d96-b6d3-2debcaa4e50b,tantalum.quest,available,1.8,21.98,medium,low,8,namecheap,,,20/09/2026 23:42
3b3e3b67-d5f8-4bd1-b406-ac07b61aff14,bait.quest,available,1.99,17.29,high,low,4,namesilo,,,21/09/2026 19:42
6bd61253-7062-4666-9adb-73b9f8310dca,bankruptcy.quest,available,1.99,17.29,high,low,10,namesilo,,,22/09/2026 02:50
f8b40da8-6c9c-4324-979d-4a70a12c54fd,midwinter.quest,available,1.99,,medium,low,10,name.com,,,
9a4ed6c8-9c77-4ccd-ad4d-f67942bc5edb,ballot.quest,available,1.99,17.29,high,low,6,namesilo,,,21/09/2026 23:15
095e3efd-0c8f-44c1-93d7-f0bb58031cd1,antigram.quest,available,1.99,17.29,medium,low,8,namesilo,,,19/09/2026 14:31
5309250a-d7c7-43b3-967f-3208c58b5d37,oysters.quest,available,1.99,17.29,medium,low,7,namesilo,,,20/09/2026 03:31
dadb99bc-bf4f-42ba-80f7-fa14b39f5ffe,southwards.quest,available,1.8,21.98,high,medium,10,namecheap,,,10/09/2026 14:52
bbd60dba-1980-411c-9739-4cab0df8cc9e,savage.quest,premium,812.5,20.99,high,low,6,name.com,,,08/08/2026 15:36
38cefc36-0989-4a6d-9954-5b62fe4b26aa,acoustics.quest,available,1.99,17.29,high,low,9,namesilo,,,17/09/2026 02:36
df72b341-c327-4223-802b-79d40f4f2fc4,aftershock.quest,available,1.8,21.98,medium,low,10,namecheap,,,17/09/2026 15:51
9df688d1-cf34-4ebe-8605-2ae562c73369,detail.quest,available,1.99,17.29,medium,low,6,namesilo,,,27/09/2026 09:10
aaedd08e-9cb1-441e-bed1-17accecca9c9,blanket.quest,available,1.8,21.98,high,low,7,namecheap,,,08/09/2026 07:17
f4d1bd34-f0c2-43bb-8e60-acd911a32c59,multiform.quest,available,1.8,21.98,high,low,9,namecheap,,,03/09/2026 10:41
660a2d2f-0112-4a03-b8c8-7d2dfc42a7f9,lxxxviii.quest,available,1.8,19.98,medium,low,8,namecheap,,,
43da7db5-b373-45a2-8c7c-7d7f81ac699a,mclaughlin.quest,available,1.99,17.29,medium,low,10,namesilo,,,27/09/2026 01:56
bdf1afa8-a092-4441-bb10-784a0a55300a,asynchrony.quest,available,1.99,17.29,medium,low,10,namesilo,,,20/09/2026 18:41
6fef91fd-57c0-469f-aeed-8bca7ac641db,resonating.quest,available,1.24,13.97,medium,low,10,spaceship,,,27/09/2026 12:29
5337ade4-9cec-428a-8a23-674c3f32dc82,yearner.quest,available,1.8,21.98,medium,low,7,namecheap,,,15/09/2026 12:51
24605173-a9ce-416b-a09d-a30536856511,nostrils.quest,available,1.99,,medium,low,8,name.com,,,
9d795bbb-3f98-4ed5-bf1e-25b669a8f36a,bilberry.quest,available,1.8,21.98,medium,low,8,namecheap,,,23/09/2026 15:37
7f963be4-d72b-4887-a197-e75f2edd9e9d,strict.quest,available,1.8,19.98,medium,low,6,namecheap,,,21/08/2026 00:17
a546277a-59b5-46cc-93da-bbbc7b0cd85d,depth.quest,available,0.99,25.99,high,low,5,godaddy,,,28/09/2026 01:46
2fa3a628-d632-4866-bef0-2f5713e9a3fd,emir.quest,available,1.99,20.99,high,low,4,name.com,,,18/09/2026 17:55
de194d6e-2649-41d4-8331-bb0bbc32b209,tensile.quest,available,1.8,21.98,medium,low,7,namecheap,,,11/09/2026 11:30
0c8ee23e-bf51-43b5-a4f8-5d747d287976,sore.quest,available,1.8,19.98,high,low,4,namecheap,,,
9fe9ae4f-0f0d-40d4-99a9-7434121d3a44,decorous.quest,available,1.8,19.98,medium,low,8,namecheap,,,09/08/2026 06:21
fc53b352-43cb-400f-8d08-f6f0fa319dd4,deserve.quest,available,1.99,17.29,high,low,7,namesilo,,,25/09/2026 23:40
9db6db47-3c2b-44c1-8b9f-1e4e2455c203,binger.quest,available,1.99,17.29,medium,low,6,namesilo,,,23/09/2026 17:33
252874ac-d212-4bdc-9fe5-26d5a67775a3,jibe.quest,premium,2600,2600,medium,low,4,namecheap,,,22/09/2026 04:14
5b2691f7-1492-4ec5-98b9-6393ed48da49,oleaceous.quest,available,1.8,21.98,medium,low,9,namecheap,,,04/09/2026 02:06
8971fcfd-535a-4306-8df8-790783129729,praises.quest,available,1.99,17.29,medium,low,7,namesilo,,,19/09/2026 00:10
222a1d67-aac7-4cec-b621-887bcab0db74,dyslexic.quest,available,1.8,19.98,high,low,8,namecheap,,,14/08/2026 22:03
650acba2-4a6c-4e9c-b866-5fb5b1a695dd,patriotic.quest,available,1.99,17.29,high,low,9,namesilo,,,27/09/2026 03:06
ae01b75e-103c-4925-8f74-943a44a99daf,aranyaka.quest,available,1.99,20.99,medium,low,8,name.com,,,20/09/2026 00:08
6e267573-fc6a-4fa7-8c6d-08dc405577be,economic.quest,available,1.99,17.29,high,low,8,namesilo,,,24/09/2026 13:22
45cd4397-36cb-4d0b-8860-776164d1b84d,strengthen.quest,available,1.99,,high,low,10,name.com,,,
9a540fc4-162f-45d9-8c46-a4ef8f36408a,ritenuto.quest,available,1.8,21.98,high,medium,8,namecheap,,,09/09/2026 09:55
6f36c163-650b-42e2-b79f-b0d9e496249d,follows.quest,available,1.24,13.97,high,low,7,spaceship,,,27/09/2026 18:23
314f5094-e3a5-41c5-87d8-77811d6ce6f4,poorly.quest,available,1.99,17.29,medium,low,6,namesilo,,,25/09/2026 07:34
2331e48b-25b0-4d5f-8359-c8bd26b5d69a,egyptian.quest,available,1.8,19.98,high,low,8,namecheap,,,15/08/2026 19:52
ebebbb72-87f7-41b2-99e9-9b51b9853f46,implacable.quest,available,1.8,19.98,medium,low,10,namecheap,,,21/08/2026 22:31
50a8a289-9f3f-4177-a9ee-b79dcebf569b,soigne.quest,available,1.8,21.98,medium,low,6,namecheap,,,10/09/2026 13:28
d7f27f18-bdb0-4bed-9870-1a1e5e607d5c,reportedly.quest,available,1.8,21.98,medium,low,10,namecheap,,,15/09/2026 23:15
09b3224b-34a7-49f6-aa97-01eb3e8ac1ef,regulation.quest,available,1.8,21.98,high,low,10,namecheap,,,09/09/2026 13:07
dbe5800f-998e-437b-a9f5-c7be42db442c,remembrances.quest,available,1.99,17.29,medium,low,12,namesilo,,,19/09/2026 23:41
59d4a2b4-82e1-49c5-9fd7-3fecdb6ecc18,astylar.quest,available,1.8,19.98,medium,low,7,namecheap,,,07/08/2026 10:15
8cc43870-4d89-4995-b497-97b70ad1fb3f,brazen.quest,available,1.8,19.98,high,low,6,namecheap,,,11/08/2026 02:54
39efc3dc-6836-4d41-bb66-369e59fd5441,upgrade.quest,resell,,,high,low,7,Dynadot Inc,15/08/2026 06:13,15/08/2027 23:59,26/09/2026 09:53
5c1db5bb-e46a-4a59-a3ec-795d9b4da348,rang.quest,available,1.99,,medium,low,4,name.com,,,
beacd2c6-1922-43e7-97dd-4b23eb32e309,lucifugous.quest,available,1.8,19.98,low,low,10,namecheap,,,24/08/2026 10:55
cce01583-7e9d-4fec-ab5b-58987879b6ca,flushed.quest,available,1.8,19.98,high,low,7,namecheap,,,18/08/2026 09:26
b4356ff5-49b4-4c29-8ad4-d8695467be11,shyly.quest,available,1.8,21.98,medium,low,5,namecheap,,,13/09/2026 23:37
7f2e07f2-7342-4656-8fd5-29961e32a41f,agnes.quest,available,1.99,17.29,high,low,5,namesilo,,,25/09/2026 14:30
7ab115c1-ee1c-4644-b26a-a9a088416538,mimosa.quest,available,1.8,21.98,medium,low,6,namecheap,,,16/09/2026 20:07
ed28374b-07de-465f-9f9f-28a33bc8e5b7,aplomb.quest,available,1.8,21.98,high,low,6,namecheap,,,19/09/2026 17:47
5be3acf8-aa34-4d6a-8239-c48b4cc7a7bc,yid.quest,available,1.8,21.98,medium,low,3,namecheap,,,19/09/2026 16:18
23ca2953-6782-4658-b567-f7ae6571a192,cents.quest,available,1.8,21.98,medium,low,5,namecheap,,,18/09/2026 18:36
46c96d76-21c4-4478-b3d3-10842480983e,auspice.quest,available,1.99,17.29,high,low,7,namesilo,,,21/09/2026 04:36
7a242407-58f1-4e76-b2b3-6afba37aa603,macaronic.quest,available,1.8,19.98,medium,low,9,namecheap,,,24/08/2026 12:44
6abd972c-11bc-4193-8e5e-0494dedb477b,catapult.quest,available,1.99,17.29,high,low,8,namesilo,,,20/09/2026 00:33
dd5f04c7-4de9-4b0b-900f-59a92a452cac,received.quest,available,1.99,17.29,high,low,8,namesilo,,,27/09/2026 10:43
c2a015cd-f78d-4fa7-8dd6-0f1d1a3c95a5,bert.quest,available,1.99,17.29,high,low,4,namesilo,,,25/09/2026 14:48
f8a8aae1-9350-414a-b1d6-1e39342754da,fury.quest,available,1.99,17.29,high,low,4,namesilo,,,24/09/2026 21:41
6c999238-031f-4ae3-8858-993c60c69c81,diametral.quest,available,1.8,19.98,medium,low,9,namecheap,,,14/08/2026 05:54
d0c7c8c9-151c-4e59-ba11-bd4bc5f90e2b,rewardful.quest,available,1.8,21.98,medium,low,9,namecheap,,,09/09/2026 16:27
edd8cd60-ddf8-42ee-b73c-7c2ce0a4fa72,fourteenth.quest,available,1.8,19.98,high,low,10,namecheap,,,
ab64c6df-bfeb-4a3d-9319-4d70bd1e9d0a,anaheim.quest,available,1.99,17.29,high,low,7,namesilo,,,19/09/2026 01:31
55c8d1da-6680-4dd7-8eb7-5c7e36abcd03,grantee.quest,available,1.8,21.98,medium,low,7,namecheap,,,18/09/2026 07:39
4013ad3e-ff8c-4be2-bedb-94c580f06cca,sluicing.quest,available,1.8,21.98,medium,low,8,namecheap,,,10/09/2026 11:31
086b2177-e245-4e80-ae9b-799a10c9963e,flier.quest,available,1.8,19.98,high,low,5,namecheap,,,11/08/2026 05:10
72ddd348-0387-40bd-8850-894da8b7011d,thursday.quest,available,1.99,,high,low,8,name.com,,,
e04a0dd3-f56a-4195-a885-8aac7e0e01a7,negotiation.quest,available,1.8,21.98,high,low,11,namecheap,,,25/09/2026 19:20
76f4f243-9047-4b03-8ae5-ee0edd0f8e74,ruthenium.quest,available,1.99,17.29,medium,low,9,namesilo,,,20/09/2026 23:08
95e4c163-ab88-48f3-ab70-86becfe7dcee,empowered.quest,available,1.8,19.98,high,low,9,namecheap,,,16/08/2026 18:26
cdacd16a-6aae-426c-bfa4-6c50f3d58599,calf.quest,available,1.99,15.75,high,low,4,namesilo,,,
f835cb57-3750-4bc3-95d8-529af1be45d6,evenfall.quest,available,1.8,21.98,medium,low,8,namecheap,,,11/09/2026 21:46
8358311d-7657-4270-a4a1-cfad155e1c1c,recovered.quest,available,1.8,19.98,high,low,9,namecheap,,,13/08/2026 11:06
86a6d2ce-2496-466e-8267-5d480f45036c,anomic.quest,available,1.8,19.98,medium,low,6,namecheap,,,
f86abbe3-f11f-478f-af93-6ce6952006b0,biomass.quest,available,1.8,21.98,high,low,7,namecheap,,,23/09/2026 18:29
b4d2d7c1-2b59-4714-bee5-e6d43f08ebfc,from.quest,resell,,,high,low,4,Dynadot Inc,31/08/2026 11:13,31/08/2027 23:59,26/09/2026 06:16
4a08bf22-4d29-4844-bb91-aaaa7b2c0157,antigua.quest,available,1.8,21.98,high,low,7,namecheap,,,19/09/2026 14:32
c8d649df-79b2-4283-a0e4-73fd68e847a2,arrested.quest,available,1.8,21.98,medium,low,8,namecheap,,,17/09/2026 20:22
2b722843-6b07-4854-9781-41fcf0e3b8a0,drawback.quest,available,1.99,17.29,medium,low,8,namesilo,,,24/09/2026 23:54
9443f4fc-3322-433d-b14b-1e04582a9388,hers.quest,available,1.99,17.29,high,high,4,namesilo,,,26/09/2026 03:23
cd5d9644-2e16-4e41-9cc1-5ecd1f7aecdd,approved.quest,available,1.8,19.98,high,low,8,namecheap,,,06/08/2026 09:20
0d41a247-43e7-4f5e-8bd2-0989c5d72248,melvin.quest,available,1.8,21.98,high,low,6,namecheap,,,26/09/2026 03:21
6e477a0e-029e-4670-9b72-0d3de9b009ae,yob.quest,available,1.8,19.98,medium,low,3,namecheap,,,11/08/2026 08:46
fc54d382-adee-4392-9987-6a7ccfe284b9,blattodea.quest,available,1.99,17.29,medium,low,9,namesilo,,,24/09/2026 04:54
f94315af-00f2-4571-8468-e052243c695f,imbalance.quest,available,1.99,20.99,medium,low,9,name.com,,,20/09/2026 18:40
33f36e6b-4016-4af4-bd64-6c8bbde143c4,isthmian.quest,available,1.8,19.98,medium,low,8,namecheap,,,22/08/2026 11:34
7ec89ea5-b780-4795-b619-aaa56c70ca90,tennis.quest,premium,812.5,,high,low,6,name.com,,,
d7f5c6c2-d46b-4db8-a973-762037d86225,unevenly.quest,available,1.8,21.98,medium,low,8,namecheap,,,15/09/2026 22:30
afa0da37-d012-4412-94a4-cb13435133e1,grecian.quest,available,1.8,19.98,high,low,7,namecheap,,,20/08/2026 19:44
fffa813a-cf2c-418e-bac0-d6b8cb690850,bellowing.quest,available,1.99,17.29,medium,low,9,namesilo,,,23/09/2026 06:18
6647b541-845c-4012-88b4-5bbaa95a2b05,riemann.quest,available,1.99,17.29,high,low,7,namesilo,,,23/09/2026 09:54
62095656-e132-4ad3-b06a-7a91ab9cc578,aspis.quest,available,1.8,21.98,medium,low,5,namecheap,,,20/09/2026 15:24
84103095-41d0-40d1-8b5d-f22be526b195,revolved.quest,available,1.99,14.45,medium,low,8,dynadot,,,27/09/2026 14:41
cf3d7eb6-1ef9-4567-8648-a26d8b991176,ecuadorian.quest,available,1.8,19.98,high,low,10,namecheap,,,22/08/2026 01:40
585d1306-f86a-4d92-bfd1-2377833cf158,happiest.quest,available,1.99,17.29,medium,low,8,namesilo,,,18/09/2026 04:16
2b064c40-df57-4647-992f-373189206572,mediatory.quest,available,1.8,19.98,medium,low,9,namecheap,,,24/08/2026 18:55
5db6ce30-8416-4787-acd2-8287d3cb1426,consent.quest,available,1.8,21.98,high,low,7,namecheap,,,08/09/2026 13:17
3cdd499f-0689-4b3f-b239-402858f37081,moscow.quest,premium,812.5,,high,low,6,name.com,,,
4eb77329-659a-442a-b2d8-f72a7aaf0447,nauseous.quest,available,1.8,19.98,medium,low,8,namecheap,,,24/08/2026 08:24
a3870410-d58a-43c3-a89b-fd9115c2ebf3,anorgasmia.quest,available,1.99,17.29,medium,low,10,namesilo,,,19/09/2026 11:47
50ce4f79-b177-4e67-9404-58ad2f7c279c,maidenly.quest,available,1.8,19.98,medium,low,8,namecheap,,,24/08/2026 13:14
1b180145-c537-4a81-bef8-30428f673bb4,sinhala.quest,available,1.8,21.98,high,medium,7,namecheap,,,10/09/2026 08:20
09e833b5-5773-47f8-bf99-26506a21cb27,ibuprofen.quest,available,1.99,17.29,high,low,9,namesilo,,,17/09/2026 11:14
9e3fc0f3-0d0b-4f0f-8e59-652721f9defd,easier.quest,available,1.99,17.29,high,low,6,namesilo,,,27/09/2026 09:58
08887c19-570f-4a1b-95e5-296f3abc3abb,keister.quest,available,1.8,19.98,low,low,7,namecheap,,,09/08/2026 11:08
53e1a5b5-0bb4-4696-b1fb-6d9e939b35f6,drool.quest,available,1.99,17.29,medium,low,5,namesilo,,,21/09/2026 23:48
9e21ff71-4dc3-4ed3-bf5e-0b06a70b14b6,egotistic.quest,available,1.8,19.98,medium,low,9,namecheap,,,12/08/2026 19:55
8390bab7-277f-4ab5-9eb2-f4b357c0e1cd,frontal.quest,available,1.8,19.98,high,low,7,namecheap,,,18/08/2026 16:15
cfe2a360-685c-43ef-bcd5-8864eab5240d,shh.quest,available,1.99,,high,low,3,name.com,,,
0f37844a-a1b4-4155-97f7-f95012d53c13,stinky.quest,available,1.8,19.98,high,low,6,namecheap,,,13/08/2026 05:18
bc05264c-8265-443d-8837-7d21cab9e5af,erbium.quest,available,1.99,17.29,medium,low,6,namesilo,,,20/09/2026 23:37
b6c1ca6f-3111-42c5-8352-896e08663846,dear.quest,resell,,,high,low,4,"GoDaddy.com, LLC",18/01/2026 03:00,18/01/2027 23:59,26/09/2026 05:27
9fae8fee-bc2f-4aaf-8f5b-7f68c810bd8e,coppery.quest,available,1.8,19.98,medium,low,7,namecheap,,,13/08/2026 00:34
20741dda-869b-4689-a0a6-723d7ef2a492,cheer.quest,available,1.99,17.29,high,low,5,namesilo,,,24/09/2026 14:09
5093840f-7a78-45e7-8210-5699768bb18a,diddle.quest,available,1.8,21.98,medium,low,6,namecheap,,,14/09/2026 07:58
fa98ef75-8320-48ea-912b-5cf265d1b630,savings.quest,resell,,,high,low,7,"GoDaddy.com, LLC",18/01/2026 16:59,18/01/2027 23:59,26/09/2026 08:49
c4349515-a3cc-4f12-b325-354dc1d1dd5e,passengers.quest,available,1.99,17.29,medium,low,10,namesilo,,,27/09/2026 02:28
bbab047d-5198-4e36-a016-108bffd57423,ordinance.quest,available,1.8,21.98,high,low,9,namecheap,,,09/09/2026 13:13
60faeb8a-3ac8-406b-b784-65875d5f88d2,flowering.quest,available,1.8,19.98,high,low,9,namecheap,,,18/08/2026 09:02
59be33f6-53f5-438e-9176-09fc3764edae,unfenced.quest,available,1.8,21.98,medium,low,8,namecheap,,,12/09/2026 10:10
049b70db-9f3f-4356-9be5-6d0030c86473,display.quest,available,1.99,17.29,high,low,7,namesilo,,,25/09/2026 04:58
abd8ee2c-342d-43f4-83ff-9e711685dc1a,cooking.quest,premium,812.5,,high,low,7,name.com,,,
2bc1fb6d-aa09-49e8-8049-b48a49fc366f,constraints.quest,available,1.99,17.29,low,low,11,namesilo,,,20/09/2026 23:49
87a63496-20a0-4e21-8b70-c46327784019,allotted.quest,available,1.8,19.98,high,low,8,namecheap,,,
2d9f57b8-e70a-4645-bc60-bae34973c542,edmonton.quest,available,1.99,17.29,high,low,8,namesilo,,,25/09/2026 22:33
5951b73a-b21f-4f5c-8923-480972e98278,adviseable.quest,available,1.99,15.75,medium,low,10,namesilo,,,
44bf27c6-2f6e-4f69-b3af-1b3f17607849,vein.quest,available,1.99,,high,low,4,name.com,,,
085fa15c-6eb1-40be-904d-cf4183e7957e,hesperides.quest,available,1.99,17.29,medium,low,10,namesilo,,,20/09/2026 21:44
ffa67f0c-1c7d-4f75-baf0-bb6e9db66f2f,unhealed.quest,available,1.8,21.98,medium,low,8,namecheap,,,12/09/2026 12:08
5f117503-0659-43af-8da5-b384d592d9c4,element.quest,premium,2600,2600,high,low,7,namecheap,,,23/09/2026 21:07
fa26297b-6347-455c-b51c-179934583a33,iphone.quest,premium,2500,,high,high,6,name.com,,,
66a67189-956e-45b9-8cd6-fe682ce67998,cloggy.quest,available,1.8,19.98,medium,low,6,namecheap,,,12/08/2026 11:46
42998f2f-502c-4ec1-ac52-fdbe4e83a648,comb.quest,available,1.99,17.29,high,low,4,namesilo,,,24/09/2026 16:22
36e3a2a0-e8ec-4ca5-a4a9-1da3efa74b1d,downy.quest,available,1.8,19.98,high,low,5,namecheap,,,14/08/2026 17:40
adbb15ad-261b-4904-a780-12b1a709f734,angeles.quest,available,1.99,17.29,high,low,7,namesilo,,,25/09/2026 16:22
bf8951a2-c062-48ca-b802-10129f9d1fc8,chasing.quest,available,1.99,17.29,high,low,7,namesilo,,,27/09/2026 06:54
867fc3e1-211f-4e44-a63a-1d9dc254276c,unashamed.quest,available,1.8,21.98,high,low,9,namecheap,,,12/09/2026 01:08
12100537-cd2e-47cf-9075-90c9819ef188,alcoholism.quest,available,1.99,17.29,medium,low,10,namesilo,,,18/09/2026 04:06
22fbc97d-2b33-4565-af50-73d8e26ef017,tactically.quest,available,1.8,21.98,medium,low,10,namecheap,,,16/09/2026 07:46
43233ca6-1343-4e73-9354-9e7a40265505,paying.quest,available,1.99,17.29,high,low,6,namesilo,,,24/09/2026 22:11
677fcb78-71ad-4f6c-9f6e-b6028ac311cc,beachfront.quest,available,1.8,21.98,high,low,10,namecheap,,,22/09/2026 19:04
3649ec3a-c303-416e-bdb4-e08f75b3a454,dampen.quest,available,1.99,20.99,medium,low,6,name.com,,,13/08/2026 16:53
1bfeb533-0e4c-42ee-baa1-b5e5f0fff0cf,proactive.quest,available,1.99,17.29,high,low,9,namesilo,,,27/09/2026 06:56
37d7e688-24c8-4115-9c6b-fe5993cf2f76,spaced.quest,available,1.8,21.98,high,medium,6,namecheap,,,10/09/2026 15:03
edbcfb5f-70d0-4a94-951a-1cf0a85ad79d,droopy.quest,available,1.8,19.98,medium,low,6,namecheap,,,14/08/2026 19:43
93e2a901-0832-4517-8c0d-6f2eb9b7e949,amyl.quest,available,1.99,17.29,medium,low,4,namesilo,,,19/09/2026 00:29
06e7dd79-15cf-4a5e-ab23-6ff9618075da,drilled.quest,available,1.8,19.98,medium,low,7,namecheap,,,14/08/2026 19:21
66939ef0-7287-4504-bff4-d50cb8f8abbe,aleatory.quest,available,1.8,19.98,medium,low,8,namecheap,,,
2a35c40e-b357-4e49-a780-d377113fb3b3,conversely.quest,available,1.8,21.98,medium,low,10,namecheap,,,14/09/2026 08:37
4c9a2387-82c8-42f7-bbce-32c87131c1f5,practicality.quest,available,1.99,17.29,high,low,12,namesilo,,,16/09/2026 09:33
b09df73b-47fc-4b44-9677-fc4a2ba72a33,uncommitted.quest,available,1.99,,medium,low,11,name.com,,,
68dc2b95-c74f-4e08-b665-7990ab2b1540,hardbound.quest,available,1.8,19.98,medium,low,9,namecheap,,,21/08/2026 00:42
4f34a16b-5217-4942-a43a-98373ab82fb2,thence.quest,available,1.8,21.98,medium,low,6,namecheap,,,15/09/2026 00:13
0bc4167f-496f-4115-856e-196c1897358c,gory.quest,available,1.8,19.98,medium,low,4,namecheap,,,10/08/2026 15:23
0b292ce3-575e-43ca-a72d-2f3aa322aaf4,sunburnt.quest,available,1.8,21.98,medium,low,8,namecheap,,,11/09/2026 01:48
38655527-009b-4f8c-95fe-d97849677e8e,norton.quest,premium,2500,2500,high,high,6,name.com,,,25/09/2026 12:24
5fdf434c-c959-4c69-b3a9-ded792daea5f,playing.quest,available,1.99,17.29,high,low,7,namesilo,,,21/09/2026 16:27
8182ec65-4302-49e9-aca4-4c6b30e89f32,instal.quest,available,1.99,,high,low,6,name.com,,,
f59946ff-c8d3-43cb-acc5-4222d76120a9,cuddly.quest,available,1.8,19.98,high,low,6,namecheap,,,13/08/2026 10:11
e437fc4d-3787-4ef9-8923-07bf5ba045bd,hard.quest,resell,,,high,low,4,"GoDaddy.com, LLC",25/01/2025 22:03,25/01/2027 23:59,26/09/2026 06:34
c6776ae2-05ac-47e4-8043-c4b1e9d9870e,chartless.quest,available,1.8,19.98,medium,low,9,namecheap,,,12/08/2026 02:52
c4ea41cf-5976-4c3f-882f-2468a8ff4356,california.quest,premium,2500,,high,low,10,name.com,,,
63a2e424-5019-4b00-a2df-73273c24a31e,bellwether.quest,premium,2660,2660,high,low,10,namesilo,,,23/09/2026 06:30
b2b0fb8c-d698-4cdd-9697-631d14165f78,antipasto.quest,available,1.99,17.29,medium,low,9,namesilo,,,19/09/2026 14:52
0a86eeba-956d-491f-8a77-967a4703a4d7,horary.quest,available,1.8,19.98,medium,low,6,namecheap,,,21/08/2026 13:58
c2f6d977-b5b9-4bb6-9586-afc85e7344de,vatic.quest,available,1.8,19.98,low,low,5,namecheap,,,14/08/2026 13:52
706eaf1e-63b3-4ff6-8655-87e7f6fb0e6e,murky.quest,available,1.8,19.98,medium,low,5,namecheap,,,25/08/2026 01:08
e7c77c9b-bd0c-48b8-a63c-ad81c16dc416,ergo.quest,premium,2600,2600,high,low,4,namecheap,,,14/09/2026 15:56
db21c722-c03f-41b8-904a-a327e25b072e,unflagging.quest,available,1.8,19.98,medium,low,10,namecheap,,,22/08/2026 02:31
f02ccfc5-edca-46bb-a390-85012c413180,punishable.quest,available,1.8,21.98,high,medium,10,namecheap,,,09/09/2026 05:59
39ff5800-e0ec-46e2-8d50-a21208bf4caa,carrie.quest,available,1.99,15.75,high,low,6,namesilo,,,
9b75481d-4f97-46ed-bd80-4c9d4739bcca,extrinsic.quest,available,1.8,19.98,medium,low,9,namecheap,,,17/08/2026 19:37
ee1e7899-2f32-48dd-b837-acd0d7788e30,finding.quest,available,1.8,21.98,high,low,7,namecheap,,,19/09/2026 14:57
259b63e1-873a-4f5e-8f27-75b99cb56ffb,mislabeled.quest,available,1.8,19.98,medium,low,10,namecheap,,,25/08/2026 01:21
e210ad1c-4c1b-4f53-8470-792238444afa,turning.quest,available,1.99,17.29,high,low,7,namesilo,,,26/09/2026 00:27
29aa5662-6149-4695-9062-8084582d81eb,spot.quest,premium,2500,,high,medium,4,name.com,,,
f9d3a8f4-7320-41b2-9a12-f6cd4150116e,gangling.quest,available,1.8,19.98,medium,low,8,namecheap,,,18/08/2026 20:08
885f20bd-2756-40b7-9ad0-c02e05a71054,backbench.quest,available,1.99,17.29,medium,low,9,namesilo,,,21/09/2026 15:00
3190576e-1833-449e-83ed-4879219b0943,slavonic.quest,available,1.8,21.98,high,low,8,namecheap,,,10/09/2026 10:34
8312f9db-5197-460f-9fed-3b99712c34fb,unshakable.quest,available,1.99,17.29,high,low,10,namesilo,,,23/09/2026 10:41
e25f7014-1297-4e4b-a1b9-f2cad6861ec6,rand.quest,premium,2660,2660,high,low,4,namesilo,,,21/09/2026 10:39
69bf85dc-453e-44b2-afe1-aa609cae32fe,lucidly.quest,available,1.8,21.98,medium,low,7,namecheap,,,15/09/2026 12:12
3f86135e-ab7b-4588-b2e1-9d70de75b8ca,adequate.quest,available,1.8,21.98,high,low,8,namecheap,,,21/09/2026 18:22
1b66a26d-86f3-4d2b-ba41-ee8eab9f1ec6,chessboard.quest,available,1.99,17.29,high,low,10,namesilo,,,24/09/2026 14:20
d780435a-26a0-4260-9bfd-d6d39e2bb603,dryness.quest,available,1.8,21.98,high,low,7,namecheap,,,24/09/2026 22:51
be2069f1-ec19-4d68-9c04-6dccce828d9e,blithe.quest,available,1.8,19.98,high,low,6,namecheap,,,10/08/2026 14:37
c07424c1-6028-4734-86c6-6225a4ea50b4,hypotonic.quest,available,1.8,19.98,medium,low,9,namecheap,,,21/08/2026 17:19
0c887208-6611-49bc-8fed-0f0a7c714010,volition.quest,available,1.8,21.98,high,low,8,namecheap,,,13/09/2026 12:00
3e2ea8e2-d19d-4807-84c1-57e5392074bb,speculate.quest,available,1.99,,high,low,9,name.com,,,
6b05857b-9c04-4e04-a169-653cbdb3c166,unskilled.quest,available,1.8,19.98,medium,low,9,namecheap,,,
55184303-1da2-4a78-91be-28a05c713dd0,neckless.quest,available,1.8,21.98,medium,low,8,namecheap,,,03/09/2026 14:41
e0240265-032d-4281-88f4-23911a685164,income.quest,premium,812.5,,high,low,6,name.com,,,
06e24135-b3e4-47dd-92c7-17670a171f1a,arenaria.quest,available,1.99,17.29,medium,low,8,namesilo,,,20/09/2026 03:39
b5bbeb83-1e4e-4129-aee9-ab9f13186008,rivalrous.quest,available,1.8,21.98,medium,low,9,namecheap,,,09/09/2026 18:06
2ace78f6-16ef-4080-90ee-755cf9b9bd49,moorish.quest,available,1.8,19.98,high,low,7,namecheap,,,25/08/2026 05:59
e6af9a3c-8543-4260-8964-3582ce1817b5,corrupted.quest,available,1.99,17.29,medium,low,9,namesilo,,,23/09/2026 23:59
f2e9d8e0-a95a-4b6b-a990-5f8c67784ae6,undefiled.quest,available,1.8,21.98,medium,low,9,namecheap,,,12/09/2026 06:15
772c4d6b-674b-4865-a4c3-e515965a5082,claxon.quest,available,1.99,17.29,medium,low,6,namesilo,,,23/09/2026 01:29
0e262bf5-1657-43c4-b8a0-22c8582ecfae,reported.quest,available,1.24,13.97,high,low,8,spaceship,,,27/09/2026 11:56
56e080e8-1b17-41af-905f-7d672a9467cf,precursors.quest,available,1.99,17.29,medium,low,10,namesilo,,,21/09/2026 00:35
e0226922-1c37-4241-a161-25bb5e72cda0,unbooked.quest,available,1.8,21.98,medium,low,8,namecheap,,,12/09/2026 02:19
1ba91658-16ac-4ac5-8af8-6ceb002873aa,terrifies.quest,available,1.99,17.29,low,low,9,namesilo,,,18/09/2026 07:37
1820a710-7e8e-4c5c-86d0-fc792d80edb6,gabonese.quest,available,1.8,19.98,medium,low,8,namecheap,,,18/08/2026 19:24
b4da673f-5414-42cb-a9de-b8669ff869b0,introduced.quest,available,1.99,,high,low,10,name.com,,,
861d00c3-9dee-4f3c-90d4-4068e04ff94e,dastardly.quest,available,1.99,20.99,medium,low,9,name.com,,,13/08/2026 18:31
7140c0c2-4b5a-4f96-bd6c-3ba7df9b1c83,nets.quest,premium,2660,2660,high,high,4,namesilo,,,18/09/2026 06:28
d80309e1-7ef7-4e9e-a500-ccbf4fdf22b7,musically.quest,available,1.8,21.98,medium,low,9,namecheap,,,15/09/2026 15:43
3fe0ee0f-a32a-4b58-b095-75d384547c42,hangout.quest,available,1.99,15.75,high,low,8,namesilo,,,
7d6b4599-27a9-4c74-bb1d-fcfc359fce52,antemortem.quest,available,1.8,19.98,medium,low,10,namecheap,,,
3a9923ad-142b-4d33-9095-9540fc2663c5,ordered.quest,available,1.8,21.98,high,low,7,namecheap,,,22/09/2026 08:32
c1afeb00-4ade-4b45-b754-2daa7c9a526c,chips.quest,available,1.99,15.75,high,low,5,namesilo,,,
1c9cde17-012b-4d84-80cd-1a7b68793edd,merely.quest,available,1.99,17.29,medium,low,6,namesilo,,,25/09/2026 12:17
9ff63f00-012b-4171-bc76-a7dc45bec4fc,ovine.quest,available,1.8,21.98,medium,low,5,namecheap,,,04/09/2026 22:07
b8458332-f83e-4358-a5d8-2ebfad5d6033,judgement.quest,available,1.99,,high,low,9,name.com,,,
0b72e5b3-91c5-4f37-9d30-eb9b609acdde,aerate.quest,available,1.8,21.98,high,low,6,namecheap,,,17/09/2026 21:35
8e2d34d8-1515-41b1-933b-5f00eca23733,cantala.quest,available,1.99,17.29,medium,low,7,namesilo,,,17/09/2026 16:42
242e0ee2-da84-4406-bd5a-c207ab99f620,facing.quest,available,1.99,15.75,high,low,6,namesilo,,,
2cf61a04-2017-4650-99c2-f7545f3d7e1e,filial.quest,available,1.8,19.98,medium,low,6,namecheap,,,18/08/2026 04:17
5aee6142-e8dd-4cf1-ad05-30568644b311,moderation.quest,available,1.99,,high,low,10,name.com,,,
9574963a-2906-48a0-aef7-db42c25d73b3,consumption.quest,available,1.99,15.75,high,low,11,namesilo,,,
50cbedd6-ac36-46e2-a05c-ef89ede836ae,rounds.quest,available,1.99,17.29,medium,low,6,namesilo,,,27/09/2026 02:23
13471e9c-3829-4420-bac0-2038bfeb0cce,completing.quest,available,1.99,17.29,high,low,10,namesilo,,,23/09/2026 17:20
777a609c-cb82-4a08-9003-38abfbac3988,maggie.quest,available,1.99,17.29,high,low,6,namesilo,,,25/09/2026 11:56
7d4e5ef1-050b-4e02-a987-d51297289009,fearfully.quest,available,1.8,21.98,medium,low,9,namecheap,,,14/09/2026 18:04
226aabd2-51c2-4148-8420-ee79843bf6b0,mistress.quest,available,1.99,17.29,high,low,8,namesilo,,,27/09/2026 14:35
93b71685-8ec2-4f20-86ed-ced54599099d,totemic.quest,available,1.8,21.98,medium,low,7,namecheap,,,11/09/2026 18:10
64df7f3d-4a9b-4e3b-a61a-8ed46406b4ce,gravelly.quest,available,1.8,19.98,medium,low,8,namecheap,,,20/08/2026 18:27
6e31f7e8-5a81-432f-801e-2b52aeb6a626,nomadic.quest,resell,,,high,low,7,"Spaceship, Inc.",17/02/2026 14:15,17/02/2027 23:59,26/09/2026 07:48
069d1e73-ae14-4715-8bf2-3b98c553b61d,bland.quest,available,1.99,17.29,medium,low,5,namesilo,,,22/09/2026 21:44
678d0939-140b-4e46-91f0-cb6586a4ab76,cager.quest,available,1.99,17.29,medium,low,5,namesilo,,,22/09/2026 11:27
e921d8a7-7dbc-4c11-95fb-bd162cbf84d1,broadly.quest,available,1.99,15.75,medium,low,7,namesilo,,,
46829e2a-713f-45e3-9fac-03c73a182500,putin.quest,premium,2070.2,2070.2,medium,low,5,spaceship,,,28/09/2026 02:59
13dcd342-099a-4202-b9a5-7c0d884d0d8e,suave.quest,available,1.99,20.99,high,low,5,name.com,,,13/08/2026 20:48
bbb37019-5472-4b7b-949a-90683fea1ebf,atavistic.quest,available,1.8,19.98,low,low,9,namecheap,,,07/08/2026 12:55
0e0d7d44-4745-45d9-beed-9356f0e6d90f,affront.quest,available,1.99,17.29,medium,low,7,namesilo,,,17/09/2026 14:54
181088d0-7130-4887-81ad-21a86f9ccb00,hmong.quest,available,1.8,19.98,high,low,5,namecheap,,,21/08/2026 10:02
91962647-91dd-4af7-a87c-edcf7fafdbf4,hydrated.quest,available,1.8,19.98,high,low,8,namecheap,,,21/08/2026 16:16
aacdbc81-2055-4e98-a5e8-de9d7fb0372b,comfort.quest,available,1.8,21.98,high,low,7,namecheap,,,24/09/2026 16:25
12019a91-9731-48e5-ba85-27e0243a81f4,documented.quest,available,1.99,17.29,high,low,10,namesilo,,,22/09/2026 11:37
95141647-2dcb-410c-bccf-26bf9776a856,mcguire.quest,available,1.99,17.29,high,low,7,namesilo,,,27/09/2026 08:49
37e26147-651b-4fe6-8036-acc8a313c1a3,confusion.quest,available,1.99,15.75,high,low,9,namesilo,,,
e423121b-5ba3-4fe9-8abc-492909eac161,lunt.quest,available,1.8,21.98,medium,low,4,namecheap,,,18/09/2026 06:40
f19b0b66-2a65-4b4a-be71-f080489ca2c7,induced.quest,available,1.8,19.98,high,low,7,namecheap,,,22/08/2026 03:27
9c736867-a36d-4c6e-b5d9-9bb520ed745d,texas.quest,premium,812.5,,high,medium,5,name.com,,,
b5249390-63d1-4238-b6cd-05a6bfc7d403,fourthly.quest,available,1.8,19.98,medium,low,8,namecheap,,,18/08/2026 13:50
8b7d0e54-e020-4c7a-90cb-f13196422256,pilar.quest,available,1.8,21.98,high,medium,5,namecheap,,,08/09/2026 19:37
ee8ab2d0-b677-4e63-b404-d4c930861c7a,dingdong.quest,available,1.8,21.98,high,low,8,namecheap,,,14/09/2026 12:47
f8a1d43f-7e1f-4fc6-880d-d2a4dc72d55a,borderline.quest,available,1.99,17.29,high,low,10,namesilo,,,23/09/2026 00:01
56118679-5330-4ac5-bcc9-12b8000030e4,waxed.quest,available,1.8,21.98,high,low,5,namecheap,,,13/09/2026 08:40
c9591219-e317-4d0c-add1-dd023c59a1ab,counsel.quest,available,0.99,25.99,high,low,7,godaddy,,,28/09/2026 01:44
11afc528-a0b0-41bc-b0a4-75c2c962e4e1,prettier.quest,available,1.8,21.98,medium,low,8,namecheap,,,18/09/2026 11:09
c704e254-77ed-4c96-bc30-7ab66929657b,wondered.quest,available,1.99,,high,low,8,name.com,,,
e086f39a-2a41-48a5-840b-a0e7814ffc2c,codified.quest,available,1.8,19.98,medium,low,8,namecheap,,,12/08/2026 15:19
0b9eb14e-e100-4eb3-b0b2-ca13db09fcce,stemless.quest,available,1.8,19.98,medium,low,8,namecheap,,,
03b350fe-e06c-43f3-8466-6561af9d58c8,aquila.quest,available,1.99,17.29,medium,low,6,namesilo,,,19/09/2026 23:12
9e2038f8-0db8-4c60-b34b-f58846de1b8b,offending.quest,available,1.8,21.98,medium,low,9,namecheap,,,04/09/2026 01:28
5354d38a-f416-4575-9562-68682642f158,gene.quest,resell,,,high,low,4,"Spaceship, Inc.",04/07/2025 08:40,04/07/2027 23:59,26/09/2026 06:20
48f3e4a7-0f87-4bb6-a5d4-8468a2ff65ea,shockingly.quest,available,1.8,21.98,medium,low,10,namecheap,,,16/09/2026 01:31
07ec7165-3d1d-4492-a518-277c01c47d5b,transitive.quest,available,1.8,21.98,high,low,10,namecheap,,,11/09/2026 18:55
77a2e403-6715-49e3-80b5-6d464c021160,thorough.quest,available,1.8,19.98,high,low,8,namecheap,,,17/08/2026 17:10
c209c271-f2b2-4352-b69d-ae6acdf1d9b4,persistent.quest,available,1.8,19.98,high,low,10,namecheap,,,14/08/2026 14:58
9bb42f44-eae5-4138-9230-7bdd901de3f3,soleless.quest,available,1.8,21.98,low,low,8,namecheap,,,10/09/2026 13:37
3ee282f7-9bf4-4eb1-951e-7cc57d991ffc,wryly.quest,available,1.99,17.29,medium,low,5,namesilo,,,16/09/2026 11:46
84da5cc5-1167-462a-ad4f-355055795516,disneyland.quest,available,1.99,15.75,high,low,10,namesilo,,,
8346d2a1-c7c0-472a-9f15-b93b5ccd05bc,tire.quest,premium,2660,2660,high,low,4,namesilo,,,25/09/2026 11:34
00047a79-1bc7-491c-acd7-7a14fe6882dc,chairs.quest,available,1.8,21.98,medium,low,6,namecheap,,,17/09/2026 18:32
b9c3dab7-6e9f-4095-a3db-69094f67dc65,pleasantly.quest,available,1.8,21.98,high,low,10,namecheap,,,13/09/2026 18:20
c36d919f-ec9f-490a-9661-77dac2e7b077,sacculated.quest,available,1.8,21.98,high,medium,10,namecheap,,,09/09/2026 20:36
1c77a79e-44b5-4d6f-bc78-57d3183ba2d6,amati.quest,available,1.99,17.29,high,low,5,namesilo,,,18/09/2026 16:09
88b7359b-744f-47e3-ab9c-499f495cccb5,amine.quest,available,1.99,17.29,high,low,5,namesilo,,,18/09/2026 21:41
bef5dab1-e646-41f2-b3d2-cd17ac1f8490,amnesiac.quest,available,1.8,19.98,medium,low,8,namecheap,,,
426d6286-fb32-43a6-9762-fd95476c9303,bodiless.quest,available,1.8,19.98,medium,low,8,namecheap,,,10/08/2026 16:48
5bca8904-1dda-4ca7-b082-87be60777c64,quartet.quest,available,1.8,19.98,high,low,7,namecheap,,,
eda5e5fa-6511-43b9-be56-5967100c4c4d,monkeypod.quest,available,1.99,17.29,medium,low,9,namesilo,,,18/09/2026 03:14
96017672-a545-489f-9937-ff5e1b90e297,erogenous.quest,available,1.8,19.98,medium,low,9,namecheap,,,17/08/2026 12:28
f2692f06-b8b8-490f-b8ce-fc3cb9033cb2,tactless.quest,available,1.8,21.98,medium,low,8,namecheap,,,11/09/2026 07:02
72df74a5-c5d2-4891-8b09-387fc13f5ac0,introduces.quest,available,1.8,21.98,medium,low,10,namecheap,,,18/09/2026 14:34
6cfde27b-b5ee-471d-ae18-6f2151ed34b1,radiopaque.quest,available,1.8,21.98,high,low,10,namecheap,,,09/09/2026 09:41
b8853da7-7eec-49c2-8624-12ebc1a5a2f9,exhausting.quest,available,1.8,19.98,medium,low,10,namecheap,,,14/08/2026 18:21
4094542a-6e05-4cca-8663-0a01c61689d1,antarctic.quest,available,1.8,19.98,high,low,9,namecheap,,,
b1fa5e6b-7d7f-482a-8753-61e21c5a850d,passing.quest,available,1.99,17.29,high,low,7,namesilo,,,24/09/2026 14:24
e693fa7f-b8da-4bc1-bbd5-b41d40f28ac0,mentor.quest,resell,,,high,low,6,"Sav.com, LLC",31/12/2025 08:35,31/12/2026 23:59,26/09/2026 07:31
c37360f4-8090-4721-9da9-d047b333d44b,single.quest,premium,2660,2660,high,low,6,namesilo,,,21/09/2026 10:43
3ac75c2f-8bc8-47e2-bdd0-1b0542477596,hercules.quest,available,1.99,,high,low,8,name.com,,,
bc216e99-d73f-45f7-8d7c-d141619f0978,beads.quest,available,1.99,15.75,high,low,5,namesilo,,,
7f8f4045-74fe-4ca9-b7fa-75560e8bc1c0,banting.quest,available,1.99,17.29,medium,low,7,namesilo,,,22/09/2026 03:15
d12d5f49-d9f4-4f39-996f-c50152918296,outflank.quest,available,1.8,19.98,medium,low,8,namecheap,,,09/08/2026 17:48
900eb93b-1423-498a-bbca-b0d714f81d34,visioned.quest,available,1.99,17.29,high,low,8,namesilo,,,20/09/2026 16:28
042b6076-0df5-4948-8796-aa202991f531,tempered.quest,available,1.8,21.98,high,low,8,namecheap,,,11/09/2026 10:50
bac4f1cd-6a29-4d6c-815e-a74cb695ea7c,poultry.quest,available,1.99,17.29,high,low,7,namesilo,,,24/09/2026 23:24
a40aecb0-c0fd-4461-9952-5ea397632042,victory.quest,premium,2660,2660,high,low,7,namesilo,,,25/09/2026 10:56
75d1c929-6726-41d0-beaa-eaf10182f9a3,dumped.quest,available,1.99,17.29,low,low,6,namesilo,,,27/09/2026 03:17
ba9ba8d7-56f5-4e4e-802c-9a14d42d1fdb,trumpian.quest,available,1.99,,medium,low,8,name.com,,,
c083672f-577b-43ba-938f-e4aaf64215dd,hayseed.quest,available,1.8,19.98,medium,low,7,namecheap,,,21/08/2026 08:05
417be207-92b7-4275-a689-daf02802af86,overt.quest,available,1.8,21.98,high,low,5,namecheap,,,04/09/2026 21:53
b967a0ab-c4ef-4dd7-b4cc-f269ba816100,intuitions.quest,available,1.8,21.98,medium,low,10,namecheap,,,20/09/2026 19:28
55008c39-2ac2-447a-977d-5846bb4500e6,sumbody.quest,available,1.99,,low,low,7,name.com,,,
5dbb565c-c2a6-44fb-ae0b-a8da0fad7224,pharmacist.quest,available,1.99,,high,low,10,name.com,,,
b3029d80-bce9-4bcc-907a-7dc4abc1c64b,carthage.quest,available,1.99,17.29,medium,low,8,namesilo,,,25/09/2026 04:02
b70255cb-67b5-4c22-ae51-33fe8e26824d,solferino.quest,available,1.99,17.29,medium,low,9,namesilo,,,22/09/2026 15:59
5ce09603-4340-401c-b0b8-0dc43d2dbe2b,klaus.quest,resell,,,medium,low,5,,,,27/09/2026 01:38
a9f94551-f088-49fd-aca5-adb7b055f8dc,basra.quest,available,1.99,17.29,medium,low,5,namesilo,,,22/09/2026 10:33
15c2a1a1-5a38-4644-8782-798295e1021b,notional.quest,available,1.8,19.98,high,low,8,namecheap,,,12/08/2026 20:01
21daa4af-ee11-422c-838b-a37a0c667dba,venereal.quest,available,1.8,19.98,medium,low,8,namecheap,,,18/08/2026 21:42
08fe40f3-d328-4a31-b832-236295d08fe1,tritely.quest,available,1.99,17.29,low,low,7,namesilo,,,16/09/2026 09:30
2e9d5332-8c44-49e2-9454-3fa59d1d89a3,ebionite.quest,available,1.8,19.98,medium,low,8,namecheap,,,14/08/2026 23:04
3c36663c-61c6-42f4-bbf7-fad2a4721ee4,singhalese.quest,available,1.8,21.98,high,medium,10,namecheap,,,10/09/2026 08:21
36c7d2e9-0ee8-4b82-93b5-85a4ced56e5f,pragmatic.quest,resell,,,high,low,9,"Spaceship, Inc.",21/02/2026 16:15,21/02/2027 23:59,26/09/2026 08:17
ddf1ae6b-483f-4245-80c2-2670180d5349,costumed.quest,available,1.8,19.98,medium,low,8,namecheap,,,13/08/2026 03:18
0b263d95-d416-45d9-a888-0bbe6e1d3fdd,desired.quest,available,1.99,17.29,high,low,7,namesilo,,,24/09/2026 00:57
d2f10ced-de32-4a29-b7d2-da20c1cc8310,kike.quest,available,1.8,21.98,high,medium,4,namecheap,,,10/09/2026 06:15
53fe1930-8eae-432c-aa50-cf9ab405b818,comforts.quest,available,1.8,21.98,high,low,8,namecheap,,,18/09/2026 18:50
4a3dbafc-0ead-4a7f-bf85-d343a7585247,amon.quest,available,1.8,21.98,high,low,4,namecheap,,,18/09/2026 18:27
f6b53a94-dc60-4b61-b139-4042de881563,liberally.quest,available,1.8,21.98,medium,low,9,namecheap,,,14/09/2026 21:12
fa62cba7-3e4a-4947-8f0b-8cbec03821c6,smarmy.quest,available,1.8,19.98,medium,low,6,namecheap,,,11/08/2026 11:46
48686f61-454f-4749-be67-1b7b78bae232,grotty.quest,available,1.8,19.98,medium,low,6,namecheap,,,20/08/2026 20:20
33606f4b-9e3b-4359-9b27-a04fb626379e,damp.quest,available,1.99,20.99,medium,low,4,name.com,,,13/08/2026 16:39
779712b5-1519-4039-bbd7-70f87dc1a0b3,hatted.quest,available,1.8,19.98,medium,low,6,namecheap,,,21/08/2026 01:22
5c61c557-2d80-48fe-a1af-dfc6634a31ea,fame.quest,available,1.99,15.75,high,low,4,namesilo,,,
028bb5c8-4792-46eb-b620-27e07d8dba3f,equatorial.quest,available,1.8,19.98,high,low,10,namecheap,,,17/08/2026 11:40
00bd8ee1-30ab-4e88-8762-a62f9ac37831,grudging.quest,available,1.8,19.98,medium,low,8,namecheap,,,20/08/2026 20:31
bcd1aff9-4fae-4f9c-aaf0-c3f64f08cb77,banned.quest,available,1.8,19.98,medium,low,6,namecheap,,,08/08/2026 13:44
96954677-d545-4fd2-9d5c-64d57bd9770a,ungrateful.quest,available,1.8,21.98,medium,low,10,namecheap,,,11/09/2026 12:26
7cd7cb06-9323-4d68-be33-59a7ac0c6e34,panoramic.quest,available,1.8,21.98,high,low,9,namecheap,,,22/09/2026 21:06
65d7f3fe-0286-405e-a37c-24062b9f7ffd,wacky.quest,available,1.99,17.29,high,low,5,namesilo,,,22/09/2026 08:23
372faef0-8fc0-4bed-8b11-2408c2f19d9b,meld.quest,available,1.99,17.29,high,low,4,namesilo,,,22/09/2026 11:20
5fcc5341-22ba-4a5e-961d-f36a0fad01ca,mistflower.quest,available,1.99,17.29,medium,low,10,namesilo,,,17/09/2026 17:17
65524a73-1a3f-4269-84b0-fcb71ca19b36,basketry.quest,available,1.8,21.98,medium,low,8,namecheap,,,22/09/2026 11:28
4fa9fc27-686d-43a0-b64a-222109f677dc,ukrainian.quest,available,1.8,21.98,high,low,9,namecheap,,,11/09/2026 22:41
417d6371-947f-4448-85f7-8e2da0488e8f,breastfeed.quest,available,1.99,15.75,high,low,11,namesilo,,,
0d610ba1-6ce0-4358-94f8-92c25357cb14,waterloo.quest,available,1.99,17.29,high,low,8,namesilo,,,22/09/2026 16:19
793c22de-4702-40fb-86bb-ab7cf277a887,sensible.quest,available,1.8,21.98,high,low,8,namecheap,,,09/09/2026 11:07
f4662464-5a28-40c3-8e80-90e0edd2de6c,trenton.quest,available,1.99,17.29,high,low,7,namesilo,,,24/09/2026 12:19
564e8bd7-b4b7-4179-be66-84917aa47c2b,curable.quest,available,1.8,19.98,high,low,7,namecheap,,,13/08/2026 10:59
cc4ec888-61f4-49c5-9d14-83924195ebf0,disarray.quest,available,1.99,17.29,medium,low,8,namesilo,,,24/09/2026 17:15
64a2ffcf-5515-42dd-b5a8-aae720647d7a,leiden.quest,available,1.8,21.98,high,low,6,namecheap,,,25/09/2026 23:25
84d900b8-2f2e-4d0e-bea0-bc6b14dfd644,auc.quest,available,1.8,21.98,high,low,3,namecheap,,,21/09/2026 02:37
af344f92-d18f-4506-b577-5589b69ed31b,disney.quest,premium,2500,,high,high,6,name.com,,,
d6234cc6-07ac-4591-b3ae-64ff05c5cc74,candidacy.quest,available,1.99,15.75,high,low,9,namesilo,,,
e1b9c659-ddf6-4397-8530-3960548d75a6,warty.quest,available,1.8,21.98,medium,low,5,namecheap,,,13/09/2026 04:24
4a140810-11bd-4b15-9e4c-b2a4c523d26f,obdurate.quest,available,1.8,19.98,medium,low,8,namecheap,,,13/08/2026 12:15
37a2e8ad-d276-4b7d-b7b1-4a672f8cf06e,strangely.quest,available,1.8,21.98,medium,low,9,namecheap,,,14/09/2026 20:38
69ffdb19-3449-477d-a870-f1e0be743bcc,subocean.quest,available,1.8,21.98,medium,low,8,namecheap,,,11/09/2026 00:32
877df0e2-ea20-44fa-aa0a-e27fc61ea00c,unbarred.quest,available,1.8,21.98,medium,low,8,namecheap,,,12/09/2026 01:34
c17305be-5f76-4d50-b0bc-0ff80db16889,document.quest,available,1.99,15.75,high,low,8,namesilo,,,
e064eb76-bfbb-4cc6-bf15-10f35bd22636,biotite.quest,available,1.8,21.98,medium,low,7,namecheap,,,23/09/2026 19:13
07e7c86e-b5aa-476b-ba06-2a19df4a05bb,stripe.quest,premium,2660,2660,high,low,6,namesilo,,,24/09/2026 14:22
19709a36-0786-466e-9386-8764260b3471,leukaemia.quest,available,1.99,17.29,medium,low,9,namesilo,,,24/09/2026 11:59
376f5428-de99-477b-9bb8-757a06e72855,freakish.quest,available,1.8,19.98,high,low,8,namecheap,,,10/08/2026 09:56
880aee95-59dd-4a25-84ff-9b6377559559,downturn.quest,available,1.99,17.29,medium,low,8,namesilo,,,24/09/2026 23:42
2caff2a5-584d-4146-a0b8-367069237381,xcl.quest,available,1.8,19.98,medium,low,3,namecheap,,,
4925b2ca-b536-4778-93d2-e9e9bcdf889b,battleship.quest,available,1.99,17.29,high,low,10,namesilo,,,22/09/2026 16:29
0b50fb09-1ca9-49d6-b95f-e8322915ddc6,eroding.quest,available,1.8,21.98,medium,low,7,namecheap,,,13/09/2026 09:08
803cec97-e7b9-4091-bf4b-ea924e0384b7,rockbound.quest,available,1.8,21.98,medium,low,9,namecheap,,,09/09/2026 18:10
765824e8-4813-48c0-b078-b66e93851a4b,someday.quest,available,1.99,17.29,high,low,7,namesilo,,,16/09/2026 04:13
6142534a-4bfd-493d-a1e6-e437367c6d78,headstrong.quest,available,1.8,19.98,medium,low,10,namecheap,,,18/08/2026 16:35
141347a7-7e98-4315-877b-02ade1fec892,random.quest,resell,,,high,medium,6,"NameCheap, Inc.",22/05/2023 03:23,22/05/2027 23:59,26/09/2026 08:29
f9477c79-e80f-4260-8d9d-9be88967f5bf,pyramid.quest,available,1.8,21.98,high,low,7,namecheap,,,08/09/2026 13:53
353eb0f3-c6f6-4f79-b51b-8af3e3c767d1,postscript.quest,available,1.99,17.29,high,low,10,namesilo,,,17/09/2026 06:45
c75cc891-609b-41b2-a977-fd85a9083300,playacting.quest,available,1.8,19.98,medium,low,10,namecheap,,,
019e71a8-6bce-45b7-a97f-22a94bea1d82,agapanthus.quest,available,1.8,21.98,medium,low,10,namecheap,,,17/09/2026 16:11
dcfa04b9-8963-4cb9-9d5a-9ff8fcfae832,connie.quest,available,1.8,21.98,high,low,6,namecheap,,,25/09/2026 12:17
a091d291-113f-49b2-951d-58b7c28e885d,cloning.quest,available,1.8,21.98,high,low,7,namecheap,,,24/09/2026 15:52
be6ac9f0-9c26-4171-8440-ad338a46618a,septet.quest,available,1.8,19.98,medium,low,6,namecheap,,,
8bdec91e-21ab-465a-9266-23fa654cd87c,biometry.quest,available,1.8,21.98,high,low,8,namecheap,,,23/09/2026 18:35
b5773467-6f8e-42c5-9842-ea69776d6de5,recording.quest,available,1.99,,high,low,9,name.com,,,
3f8b4238-295d-49b4-b18f-93262c257543,whatsapp.quest,premium,2660,2660,high,high,8,namesilo,,,27/09/2026 05:43
dc4b3f7b-d5cc-4ae8-9fcd-9f57863f6d83,optimistic.quest,available,1.8,21.98,high,low,10,namecheap,,,04/09/2026 17:07
f900042f-ff11-4db8-a7b1-4489a5cd59bd,bionic.quest,available,1.8,19.98,high,low,6,namecheap,,,10/08/2026 02:17
0a0abfc7-953e-4130-a2de-dcd98047a99c,laying.quest,available,1.8,21.98,high,low,6,namecheap,,,25/09/2026 22:34
9db9f44b-38a5-4f62-9000-059808836f44,theocratic.quest,available,1.8,21.98,medium,low,10,namecheap,,,11/09/2026 12:52
46159b41-0bbb-48b6-a1ed-b4d9624a22cf,ionian.quest,available,1.8,19.98,high,low,6,namecheap,,,22/08/2026 09:28
92993252-1837-4ad4-8414-1be5c90f402e,jetting.quest,available,1.8,19.98,high,low,7,namecheap,,,22/08/2026 13:09
bad8434e-a6a1-4980-b0a0-639f4ef66fac,vowels.quest,available,1.99,17.29,medium,low,6,namesilo,,,20/09/2026 00:07
5759b14d-dfb5-48f0-ba14-3261e7fa33d1,chanted.quest,available,1.8,19.98,medium,low,7,namecheap,,,12/08/2026 02:00
09db849d-5b25-403b-b361-2fc4cfae9666,footballers.quest,available,1.99,17.29,high,low,11,namesilo,,,20/09/2026 13:07
5c88f6b0-7dd3-44fa-8041-b142460c4bf2,keenness.quest,available,1.99,17.29,high,low,8,namesilo,,,21/09/2026 09:30
a99b574f-92af-4013-adc9-ad9a3fb6de08,promethium.quest,available,1.99,17.29,medium,low,10,namesilo,,,20/09/2026 23:23
7fa0e83b-7836-4553-bf34-5c74dfa79339,anagram.quest,available,1.99,15.75,high,low,7,namesilo,,,
7a816891-d661-4cc7-9eba-490acdaf1739,oblique.quest,available,1.8,19.98,high,low,7,namecheap,,,14/08/2026 05:11
6b92454a-34fa-4d35-a5ae-2db73d2238a7,empty.quest,available,1.99,17.29,high,low,5,namesilo,,,24/09/2026 13:56
59d9996b-d1da-4e19-9a65-38fc2500a984,audibility.quest,available,1.99,17.29,medium,low,10,namesilo,,,21/09/2026 02:52
38f3465f-bb54-4fbf-b547-43b81fb0b84a,edwin.quest,available,1.99,17.29,medium,low,5,namesilo,,,25/09/2026 05:17
91fcac60-2ed0-4cd1-921f-8bf60c2e055b,earthlike.quest,available,1.8,19.98,medium,low,9,namecheap,,,14/08/2026 22:40
72eda000-c3cc-4120-9fce-7a592a929263,tanzanian.quest,available,1.8,21.98,medium,low,9,namecheap,,,11/09/2026 08:09
d2d2dc00-6370-4efb-9aad-4890ffe95e59,annex.quest,available,1.99,15.75,high,low,5,namesilo,,,
36010abe-9c63-450b-9cf5-b4d4eac73d5a,clive.quest,available,1.8,21.98,high,low,5,namecheap,,,22/09/2026 07:05
3a88451b-1bc5-4255-a524-24289855b849,blowhard.quest,available,1.8,19.98,medium,low,8,namecheap,,,11/08/2026 01:19
4e22265d-ba52-4f95-8588-dbb11d76d2f2,unco.quest,available,1.8,21.98,high,low,4,namecheap,,,15/09/2026 23:08
1e753e80-5423-4b94-b5d3-3d146fe45123,licit.quest,available,1.8,19.98,medium,low,5,namecheap,,,23/08/2026 00:58
16429d6a-f422-4a12-ae38-9d13156417fd,jument.quest,available,1.8,21.98,medium,low,6,namecheap,,,22/09/2026 21:27
3c880106-5f2e-408f-833a-1ece439cd8b3,disclosed.quest,available,1.99,17.29,medium,low,9,namesilo,,,24/09/2026 11:06
e5c2d17d-d47f-4eda-bb8f-8edabb1264a9,fellowships.quest,available,1.99,17.29,medium,low,11,namesilo,,,21/09/2026 08:52
86752fc6-f616-4f4c-9970-309a92ff4ba7,palatial.quest,available,1.8,21.98,high,low,8,namecheap,,,04/09/2026 23:22
e887e9af-f589-4223-9df6-ecef87c84ed9,demented.quest,available,1.8,19.98,medium,low,8,namecheap,,,11/08/2026 01:46
f1a2a964-82b9-4171-b890-a5731a07b1e2,terrific.quest,available,1.99,17.29,high,low,8,namesilo,,,25/09/2026 00:17
a7e9e45e-c65c-46d6-8d94-f1edfd51911e,stuttgart.quest,available,1.99,17.29,high,low,9,namesilo,,,25/09/2026 10:46
89a38970-04e0-4ab5-8cb9-4c59bfff9aed,dong.quest,premium,812.5,,high,low,4,name.com,,,
57bb33af-88ee-47ae-a61e-630ab93f259e,silverbush.quest,available,1.99,17.29,medium,low,10,namesilo,,,19/09/2026 14:04
8c6d08a4-b9d0-4170-b3df-2670a844d5e5,angina.quest,available,1.99,17.29,medium,low,6,namesilo,,,19/09/2026 06:08
5e312fb3-ae66-4383-9477-fd777bd2b5bc,thug.quest,available,1.8,21.98,medium,low,4,namecheap,,,27/09/2026 08:15
8926297f-e8d0-44d4-a974-af03475aa52d,conducted.quest,available,1.99,15.75,medium,low,9,namesilo,,,
29fee744-b506-4e13-85e5-a07a8e3e587d,coolly.quest,available,1.99,15.75,medium,low,6,namesilo,,,
dc3df824-4efd-48d2-8093-63ad628ca1b4,dollar.quest,premium,2500,,high,low,6,name.com,,,
f0be5d01-c077-4502-8b73-04fc95b8b4f4,could.quest,available,1.99,,high,low,5,name.com,,,
598b7cc6-ee9c-4ed1-967d-e45fc12fe666,histrionic.quest,available,1.8,19.98,medium,low,10,namecheap,,,21/08/2026 09:57
61daf7bb-ff9f-4747-b2dc-8368119c1fe9,documents.quest,available,1.99,15.75,high,low,9,namesilo,,,
9cca92a5-1247-43fd-9470-fabeb1e49329,recherche.quest,available,1.8,21.98,high,low,9,namecheap,,,09/09/2026 11:27
5267c2a2-cfbe-42de-882e-f231703a96dd,showed.quest,available,1.99,,medium,low,6,name.com,,,
2def2b52-1cdf-48a7-883a-d73fb5b33e64,deprave.quest,available,1.8,19.98,medium,low,7,namecheap,,,13/08/2026 02:24
cac4c062-c6c9-4c75-bf87-3a7cb56f0461,aristotle.quest,available,1.99,17.29,high,low,9,namesilo,,,20/09/2026 05:59
4927f28f-70d6-4bdf-8fba-7c5d9b704d65,arguable.quest,available,1.8,19.98,medium,low,8,namecheap,,,06/08/2026 18:32
5ea1a64a-ad69-4e07-ad63-657c72f9e78f,magazine.quest,resell,,,high,low,8,Dynadot Inc,14/05/2026 16:15,14/05/2027 23:59,26/09/2026 07:22
f6678dc5-40d8-4d7d-a69f-6210189be08e,sit.quest,available,1.99,,high,low,3,name.com,,,
e2368b79-7151-47e1-9015-652204efc8d3,topnotch.quest,resell,,,high,low,8,"GoDaddy.com, LLC",15/05/2026 16:59,15/05/2027 23:59,26/09/2026 09:41
568d3ea5-3159-45d1-ac82-dcc2919ac249,pail.quest,available,1.99,,high,low,4,name.com,,,
4ebddcb5-761f-4d46-a92f-75a376bef3ca,buttermilk.quest,available,1.99,17.29,high,low,10,namesilo,,,24/09/2026 11:20
4881a990-dd41-44d6-a9d8-3f92f893a29b,dubstep.quest,available,1.99,15.75,high,low,7,namesilo,,,
c0fb02b1-04c8-4fd8-a226-3878918b87a5,montgomery.quest,available,1.8,21.98,high,low,10,namecheap,,,16/09/2026 12:22
2936383d-bd36-4810-b524-428bc3beb253,broadleaf.quest,available,1.8,19.98,high,low,9,namecheap,,,11/08/2026 04:57
d3262a4f-cecf-4fe4-8084-b3fd12ec437d,mistrust.quest,available,1.99,17.29,high,low,8,namesilo,,,24/09/2026 23:12
e0320eab-d4ae-454f-8866-12e21891b121,drudgery.quest,available,1.8,21.98,medium,low,8,namecheap,,,08/09/2026 21:19
8f7fa76b-067c-4554-b7f1-fa9d61dc7794,woven.quest,resell,,,high,low,5,Dynadot Inc,02/02/2026 02:14,02/02/2027 23:59,26/09/2026 10:14
f526fac4-c4b3-49eb-8355-361028ea9930,art.quest,premium,2660,2660,high,medium,3,namesilo,,,28/09/2026 02:35
27696fb2-31dd-42ee-9fcb-f9291c739655,assistance.quest,available,1.99,17.29,high,low,10,namesilo,,,17/09/2026 20:44
0c8258bc-9e2a-44a6-8fd4-5454eb496981,extinct.quest,available,1.8,19.98,high,low,7,namecheap,,,17/08/2026 19:11
12c49424-d99d-4827-89a7-7288e53787b2,sequester.quest,available,1.8,19.98,medium,low,9,namecheap,,,12/08/2026 21:06
9fe57ed9-3815-454c-a91f-c7c7d9ce2a36,ambo.quest,available,1.99,17.29,medium,low,4,namesilo,,,18/09/2026 17:17
cf752dd2-6c72-400b-95d7-38ab2130ecff,refused.quest,available,1.99,17.29,medium,low,7,namesilo,,,18/09/2026 13:40
6261c071-be18-4555-85ee-2d85038a3ac8,amylase.quest,available,1.99,17.29,medium,low,7,namesilo,,,19/09/2026 00:30
a22af5f7-e0b6-4da0-aed4-314ce8a11907,toddler.quest,available,1.99,,high,low,7,name.com,,,
abf53849-5457-4211-a0cf-35bb02de4360,doric.quest,available,1.8,19.98,medium,low,5,namecheap,,,14/08/2026 16:13
bbd63678-5fd3-4da2-81f5-544dcd56dc61,arming.quest,available,1.99,17.29,medium,low,6,namesilo,,,20/09/2026 07:11
7b86223b-0d44-4fb8-b48b-447549abdea3,worded.quest,available,1.99,17.29,medium,low,6,namesilo,,,20/09/2026 15:04
a293c32e-11b1-4b5a-8f7f-d0f72f4a3ab2,termed.quest,available,1.99,17.29,medium,low,6,namesilo,,,19/09/2026 00:21
9a7eb4ab-7298-4729-9ed6-cda564a06702,juridical.quest,available,1.8,19.98,medium,low,9,namecheap,,,22/08/2026 14:40
e82caf97-2cd7-4c46-b55d-bebfe7d146d5,bergenia.quest,available,1.99,17.29,medium,low,8,namesilo,,,23/09/2026 09:20
bfee2080-2866-4081-af83-c18bfe6624b5,pump.quest,resell,,,high,medium,4,UM Domains Pte. Ltd.,23/01/2026 00:10,23/01/2027 23:59,26/09/2026 08:25
852ca0ce-9f29-48ff-9573-d1c812dac778,faintly.quest,available,1.8,21.98,medium,low,7,namecheap,,,14/09/2026 17:33
dfa6b720-1094-46c8-8f32-266d519bcdad,depository.quest,available,1.99,17.29,high,low,10,namesilo,,,24/09/2026 21:58
3f080663-6739-4936-b9d7-21f730393f9c,acentric.quest,available,1.8,19.98,medium,low,8,namecheap,,,
3072de1e-0140-4c16-9e88-be486e890156,wannabee.quest,available,1.8,19.98,medium,low,8,namecheap,,,07/08/2026 05:22
68b8084d-7a11-4e7a-9b4e-83a78df63c64,forgiving.quest,available,1.99,17.29,high,low,9,namesilo,,,21/09/2026 14:52
b1fdc673-8b5e-4d06-9e10-09a9d9979074,truth.quest,resell,,,high,medium,5,"Spaceship, Inc.",21/05/2025 12:07,21/05/2027 23:59,26/09/2026 09:47
0ea921d5-1d06-45b2-a591-ef66e1ae0292,backstay.quest,available,1.99,17.29,medium,low,8,namesilo,,,21/09/2026 16:03
a73e924c-1800-44a4-a0a4-c5bbeec35642,motivating.quest,available,1.8,19.98,high,low,10,namecheap,,,25/08/2026 07:36
01259ced-b8b4-40d5-bea9-634f58fddbe7,equitably.quest,available,1.8,21.98,medium,low,9,namecheap,,,14/09/2026 15:54
44091d42-9580-4d95-91ed-b5d932de3c61,dripping.quest,available,1.8,21.98,medium,low,8,namecheap,,,14/09/2026 14:32
33f8e2b0-8401-47c9-924a-a2467a60a086,pope.quest,premium,812.5,,high,low,4,name.com,,,
3573d71c-9e41-4704-81d9-6624b16f8f2c,apartment.quest,premium,2660,2660,high,low,9,namesilo,,,19/09/2026 16:17
771e0055-7619-4755-a816-998157f571b4,birdsong.quest,available,1.8,21.98,high,low,8,namecheap,,,23/09/2026 20:37
4d74f250-8b36-4db6-b947-0e9eb8843b0a,squanderer.quest,available,1.8,21.98,medium,low,10,namecheap,,,09/09/2026 02:39
52e511bd-7ca9-4ccd-8654-d669a346710e,avahi.quest,available,1.99,17.29,medium,low,5,namesilo,,,21/09/2026 08:36
4011a7f1-64e9-4642-9ecb-d955c3366316,banked.quest,available,1.99,15.75,medium,low,6,namesilo,,,
9e8be70c-19e1-46d0-ac6d-6597a9fbf4de,operant.quest,available,1.8,21.98,high,low,7,namecheap,,,04/09/2026 16:22
3af0edd1-f86c-4433-9f4c-08821f57b253,fruitcake.quest,available,1.8,21.98,medium,low,9,namecheap,,,10/09/2026 00:13
897608c1-239b-49c8-ab5d-6665e0688dc9,kilobyte.quest,available,1.99,,high,low,8,name.com,,,
bb629051-e234-4e21-94c5-de4a3df1141c,brainless.quest,available,1.8,19.98,medium,low,9,namecheap,,,11/08/2026 01:41
873447e5-e205-4b85-a7ab-c842e2b62fd5,cutthroat.quest,available,1.8,19.98,high,medium,9,namecheap,,,10/08/2026 23:02
51accf44-5f2d-47d2-a34a-afd8fa7efae8,switches.quest,available,1.99,17.29,medium,low,8,namesilo,,,16/09/2026 23:57
4c9be035-3efd-4705-ad57-ffd808165be7,gregarious.quest,available,1.8,19.98,high,low,10,namecheap,,,20/08/2026 19:56
e7c517dc-6f41-4eca-acf5-87a178f71415,glimmery.quest,available,1.8,19.98,medium,low,8,namecheap,,,20/08/2026 14:28
190c72b3-66b0-400c-a50d-1260f1506cd4,cupboards.quest,available,1.99,17.29,medium,low,9,namesilo,,,20/09/2026 06:12
8a19f340-c936-4952-ab2c-921da6cf91bd,medically.quest,available,1.8,21.98,medium,low,9,namecheap,,,15/09/2026 13:56
a682df94-11ee-48a5-887f-65e7fc2af386,formosan.quest,available,1.8,19.98,high,low,8,namecheap,,,18/08/2026 12:16
b6e3649f-6c2b-4799-86e9-4e85dcf03b33,slam.quest,available,1.99,,high,low,4,name.com,,,
ae89c1fc-fd87-4d94-9f50-cd1c4fa30aed,toxicant.quest,available,1.8,21.98,medium,low,8,namecheap,,,08/09/2026 22:42
66a130af-28b3-4175-83b9-c654c3b3c256,manageable.quest,available,1.99,17.29,high,low,10,namesilo,,,21/09/2026 15:48
06cdd988-2299-40bb-97b4-a750b9a3911f,indocile.quest,available,1.8,19.98,medium,low,8,namecheap,,,22/08/2026 03:18
d31d7358-160e-4e56-bc27-6c477fa012e4,cerebral.quest,available,1.8,19.98,high,low,8,namecheap,,,12/08/2026 00:30
6a505421-fc66-4c6a-90e4-c184c9540946,endemic.quest,available,1.8,19.98,high,low,7,namecheap,,,07/08/2026 19:26
817bb38e-ffd0-46a9-b731-d4e74ceddfd6,btw.quest,available,1.99,15.75,high,low,3,namesilo,,,
fecb8aee-3d0c-42c6-8972-ed114f0f58d7,diluted.quest,available,1.8,19.98,medium,low,7,namecheap,,,14/08/2026 07:45
c1fdbb15-cd75-46d6-80fd-2e08fc194a22,smooth.quest,available,1.8,21.98,high,low,6,namecheap,,,24/09/2026 20:14
c234c2cb-58d0-4177-9476-d7d923be6517,uttermost.quest,available,1.8,19.98,high,low,9,namecheap,,,17/08/2026 22:44
f32a8a0e-9f03-49dc-a1f3-f25b901381e8,pose.quest,available,1.8,19.98,high,low,4,namecheap,,,22/08/2026 21:29
fd5a3d5c-2e13-4568-bd84-a554208a1fb1,allegation.quest,available,1.99,17.29,high,low,10,namesilo,,,18/09/2026 10:09
dcf4f474-7203-4bc4-85bb-28e7667c70a7,gentile.quest,available,1.8,19.98,high,low,7,namecheap,,,18/08/2026 21:53
281ce274-5dae-410e-9a7a-9355064f10b8,pyramidal.quest,available,1.8,21.98,medium,low,9,namecheap,,,09/09/2026 06:55
5184ae35-e81f-4e0b-a5d6-2d3dd29bfdab,bacteria.quest,available,1.99,17.29,high,low,8,namesilo,,,21/09/2026 16:28
bdbe3422-b3ef-4476-9f0b-732c22c5ddee,boreal.quest,available,1.8,19.98,high,low,6,namecheap,,,10/08/2026 19:55
09a40971-1913-426a-8d87-c021d30ea289,alienated.quest,available,1.8,19.98,medium,low,9,namecheap,,,
e95a0649-a47e-4676-89f3-65ce657ad605,clathrate.quest,available,1.8,19.98,medium,low,9,namecheap,,,11/08/2026 16:23
3cc8fb6e-5e96-47f6-84f3-78d66fe31e45,overflow.quest,available,1.99,,high,low,8,name.com,,,
97346bec-acf6-4b3c-aa51-cb7b982da8ed,vulturine.quest,available,1.8,21.98,high,medium,9,namecheap,,,09/09/2026 10:24
370ff292-1ae1-4ef4-bf15-0a00ca4c2764,cheesecakes.quest,available,1.8,21.98,medium,low,11,namecheap,,,08/09/2026 07:37
4471085d-7375-4a46-a71c-87fee24cb4a1,fixed.quest,available,1.8,21.98,high,low,5,namecheap,,,24/09/2026 19:10
60409aa1-9779-4b16-82c7-d6d85e8f0d81,buckeye.quest,premium,2660,2660,high,low,7,namesilo,,,17/09/2026 13:22
508171b5-1cf8-43ce-a0bc-c7778cd2a426,styptic.quest,available,1.8,19.98,medium,low,7,namecheap,,,07/08/2026 10:00
c3defbae-490b-4496-8d9b-a75717170a4c,departed.quest,available,1.8,19.98,medium,low,8,namecheap,,,07/08/2026 11:31
39c57541-42c5-4953-a0e1-d154c7eeb053,mussy.quest,available,1.8,19.98,medium,low,5,namecheap,,,24/08/2026 21:24
bcefbf28-e75e-4457-8e96-c185deafb5f8,koran.quest,available,1.8,21.98,high,low,5,namecheap,,,18/09/2026 01:04
58bc0977-7c6a-4a77-989a-b877c9dc88c7,roarer.quest,available,1.99,17.29,medium,low,6,namesilo,,,22/09/2026 16:57
e29d0f7e-5d0a-49a4-a49c-762bab9bca54,diabolical.quest,available,1.8,19.98,medium,low,10,namecheap,,,14/08/2026 01:30
f207c9e9-d340-4799-b0fe-b7f01c90d8fc,commodious.quest,available,1.8,19.98,medium,low,10,namecheap,,,12/08/2026 19:10
d33c503b-e2be-489d-a693-6e713f99ddf4,peed.quest,available,1.99,17.29,medium,low,4,namesilo,,,18/09/2026 08:17
db78178c-e525-4b71-b881-63ffa63c37b4,videos.quest,premium,2660,2660,medium,low,6,namesilo,,,28/09/2026 03:36
e03b7ad5-1298-46f7-97a3-2a5dcdd28ddb,lip.quest,premium,812.5,,high,low,3,name.com,,,
4f53e36c-b86e-4dd0-b9e0-e2e0af45f399,search.quest,premium,2500,,high,medium,6,name.com,,,
bf98695a-2a5b-4f0b-9884-cdf7cfb6c773,harrison.quest,available,1.99,17.29,high,low,8,namesilo,,,23/09/2026 08:20
3ac0654f-6a1f-4eb8-8367-201022f87fab,nickname.quest,available,1.8,21.98,high,low,8,namecheap,,,24/09/2026 11:25
f6bc74d9-de5a-45ee-a1f0-0280c72cdfcd,bakehouse.quest,available,1.8,21.98,high,low,9,namecheap,,,21/09/2026 20:13
a5f390f2-569e-4c6f-ae8c-5167f99e9bcf,keyboards.quest,available,1.8,21.98,medium,low,9,namecheap,,,20/09/2026 13:46
8e7dce27-c00b-4e30-9025-09acff9ab1ad,autotomic.quest,available,1.8,19.98,medium,low,9,namecheap,,,07/08/2026 21:13
124f9627-2881-407b-9025-1d61c87216ee,propitious.quest,available,1.8,21.98,high,low,10,namecheap,,,09/09/2026 03:38
efbf3f0e-72a6-4837-8897-72765e28816f,anaerobe.quest,available,1.99,17.29,medium,low,8,namesilo,,,19/09/2026 01:18
f3cb2d1c-17a2-43c0-a554-bda06c8946c5,livingston.quest,available,1.99,17.29,high,low,10,namesilo,,,25/09/2026 09:01
9ffb5da6-72f1-4ad6-8500-62a4708a1271,acrylate.quest,available,1.8,21.98,medium,low,8,namecheap,,,17/09/2026 04:05
2187c732-e433-4ba3-ab2c-1c5369d3e2ac,patrician.quest,available,1.8,19.98,medium,low,9,namecheap,,,06/08/2026 19:34
7292262f-88f4-43a5-afba-a75f65cdd1b5,discharged.quest,available,1.8,19.98,medium,low,10,namecheap,,,14/08/2026 09:49
78dbcc47-313b-44b4-b0b8-d058fc0eb5ba,assumption.quest,available,1.99,17.29,medium,low,10,namesilo,,,20/09/2026 16:39
ec72a948-02a1-4bc1-929c-94a60f322725,fascinating.quest,available,1.99,,high,low,11,name.com,,,
0d393db6-60c7-4aa7-bc99-2bf17c0d657e,punkie.quest,available,1.99,17.29,medium,low,6,namesilo,,,23/09/2026 22:31
36244136-4ac1-4eb9-92af-c1b0fe04c0a0,upraised.quest,available,1.8,19.98,medium,low,8,namecheap,,,23/08/2026 01:53
9e6a38b1-4502-4787-b09d-5af2d02fc0a8,uninvited.quest,available,1.8,21.98,medium,low,9,namecheap,,,12/09/2026 13:33
f3f6702b-a201-4b6d-98c2-e559ba55e55c,anointing.quest,available,1.8,21.98,medium,low,9,namecheap,,,19/09/2026 11:19
68ffa992-41df-4b90-a4d1-11169b6705bf,supersize.quest,available,1.99,,high,low,9,name.com,,,
6dec2a1d-bc65-4311-9f4a-414191be3725,lighten.quest,available,1.99,,high,low,7,name.com,,,
90555e60-c848-4917-85e9-04c09b75e758,invitation.quest,available,1.99,,high,low,10,name.com,,,
8e359bd4-ddf3-4f41-a854-81b64e58c6c5,endowed.quest,available,1.8,19.98,high,low,7,namecheap,,,17/08/2026 01:23
998c8993-aa9c-4de7-a013-c6e5dd218638,adiposity.quest,available,1.99,17.29,medium,low,9,namesilo,,,17/09/2026 08:19
382e4109-3218-41ef-81aa-f60f9e5d6c51,operate.quest,available,1.99,17.29,high,low,7,namesilo,,,25/09/2026 06:12
60bf2dcf-504b-4448-a81a-f98789c3406a,marines.quest,available,1.99,,high,low,7,name.com,,,
fc1481a3-37d6-4254-ade0-5a64a44d279a,odds.quest,resell,,,high,low,4,"GoDaddy.com, LLC",13/09/2021 03:10,13/09/2027 23:59,26/09/2026 07:51
250d96ec-619f-42e9-89fc-608e51e28d9f,valorous.quest,available,1.8,21.98,high,low,8,namecheap,,,13/09/2026 00:57
12b054ce-151a-4c87-883c-f9e06b7aea80,emblem.quest,available,1.54,14.21,high,low,6,porkbun,,,28/09/2026 02:43
c3117a22-73e1-469b-af85-0b9fab7b3236,unoriginal.quest,available,1.8,21.98,medium,low,10,namecheap,,,12/09/2026 16:21
8fb875f3-9e0d-4de7-9828-e5ecf3ae4006,halt.quest,available,1.99,17.29,high,low,4,namesilo,,,24/09/2026 01:49
3011f2f9-26ca-46dc-b071-c7c15d97d8a9,jadestone.quest,available,1.8,19.98,medium,low,9,namecheap,,,22/08/2026 11:54
db4cae7d-956a-4cc3-a442-e42afcd50409,repand.quest,available,1.8,21.98,medium,low,6,namecheap,,,09/09/2026 14:25
ed58b9f1-f7d3-4796-83fb-5ff65ce7de10,sedate.quest,available,1.8,19.98,high,low,6,namecheap,,,20/08/2026 18:40
6aab3056-9ba4-40ac-af1a-c0a1a80c4b36,monitor.quest,premium,812.5,,high,low,7,name.com,,,
77934d2e-d087-4eab-9b3f-c77c703fc0e2,ionised.quest,available,1.8,19.98,medium,low,7,namecheap,,,22/08/2026 09:33
0c01c960-5933-4adc-8dc2-95e556451485,nontoxic.quest,available,1.8,21.98,medium,low,8,namecheap,,,18/09/2026 21:11
9491aeff-9f2e-480e-a081-59d04a3c7828,solidified.quest,available,1.8,21.98,medium,low,10,namecheap,,,10/09/2026 13:41
cbf80e3a-e2d7-4c4f-97fe-ff77574eb5b8,coeval.quest,available,1.8,19.98,medium,low,6,namecheap,,,12/08/2026 15:28
28255e38-3741-4715-9f55-786e210b00bb,honeymooning.quest,available,1.99,17.29,high,low,12,namesilo,,,21/09/2026 06:04
d8f6141e-ec81-4abc-8d4d-c37c1a1b182b,stanton.quest,available,1.8,21.98,high,low,7,namecheap,,,25/09/2026 05:30
fe3b7746-edb9-412c-901b-e0d1e92b11ae,pace.quest,premium,812.5,,high,low,4,name.com,,,
c00bb909-4ad4-4f89-a2c9-f58d75d30ad2,taxation.quest,available,1.99,,high,low,8,name.com,,,
9fcb6586-22ea-49fa-adef-5a7082167aaa,unspaced.quest,available,1.8,21.98,low,low,8,namecheap,,,12/09/2026 20:24
a5a3eed6-d300-4540-aae7-ffa9c70a6fd2,spouse.quest,available,1.99,17.29,high,low,6,namesilo,,,23/09/2026 11:39
4298c8dc-3619-4cb1-a108-e5fef23bf189,abortus.quest,available,1.8,21.98,medium,low,7,namecheap,,,16/09/2026 16:40
e8ae0370-9c8b-45e2-bbbe-fa9b68e97f45,counseled.quest,available,1.99,17.29,medium,low,9,namesilo,,,20/09/2026 16:45
ea62a81f-a127-44a6-aea2-8c6943f173eb,technologies.quest,available,1.99,17.29,high,low,12,namesilo,,,28/09/2026 03:08
ae8cbd04-b6fb-45aa-8597-8435f5c6e6b0,hairdryers.quest,available,1.8,21.98,medium,low,10,namecheap,,,20/09/2026 13:02
6daf5115-d746-4256-96cb-ccee85644305,devour.quest,available,1.99,15.75,high,low,6,namesilo,,,
0b963e3f-e8cf-4197-8a4b-cb2c46f9a7c3,calculable.quest,available,1.8,19.98,medium,low,10,namecheap,,,11/08/2026 13:54
d3c4396d-0993-4312-bd38-a744527163ce,bribable.quest,available,1.8,19.98,low,low,8,namecheap,,,11/08/2026 03:42
d74f2a3a-44c3-46d8-a2b8-40adc675965f,noseless.quest,available,1.8,21.98,low,low,8,namecheap,,,03/09/2026 21:47
de9ccb52-f7c5-4f1c-b5c3-fe3dcb23f55c,adobo.quest,available,1.99,17.29,medium,low,5,namesilo,,,17/09/2026 09:29
8b45f2f8-febc-478b-93f2-824905bc41c3,axone.quest,available,1.8,21.98,high,low,5,namecheap,,,21/09/2026 10:31
c105d422-11a8-4215-83a1-2d68581683eb,nonsense.quest,available,1.8,19.98,high,low,8,namecheap,,,18/08/2026 23:48
9b546861-28d4-432d-8578-92532513fc49,stability.quest,available,1.99,,high,low,9,name.com,,,
d0659038-8bff-449a-9799-fcbdbbe9c061,disuse.quest,available,1.99,17.29,medium,low,6,namesilo,,,24/09/2026 23:14
b7a67be4-e037-43f9-b7c3-c1644a195ab3,pedant.quest,available,1.8,21.98,medium,low,6,namecheap,,,09/09/2026 23:15
c2c828af-fcbe-4d60-8412-9d5a115e4b18,deviant.quest,available,1.8,19.98,high,low,7,namecheap,,,
d8c0403c-8f1b-4a10-85b0-541e9334ddaa,walden.quest,available,1.8,21.98,high,low,6,namecheap,,,27/09/2026 08:12
c07435b7-a738-455f-a48a-03d9f51ab54f,husband.quest,available,1.99,,high,low,7,name.com,,,
5ac07107-25b8-489b-aa0e-e9ceabc9e682,bja.quest,available,1.99,17.29,medium,low,3,namesilo,,,23/09/2026 23:24
bef5367e-064e-483d-a22f-50c63d92980a,callable.quest,available,1.8,19.98,medium,low,8,namecheap,,,11/08/2026 14:26
c2c25365-912f-4b7e-83df-235e388a7f78,juristic.quest,available,1.8,19.98,medium,low,8,namecheap,,,22/08/2026 14:37
9aed9712-59f3-4d8e-87a4-4551df9e36e5,beriberi.quest,available,1.8,21.98,medium,low,8,namecheap,,,23/09/2026 09:23
90d83807-b7f9-4f4f-9831-2357681747fb,perceiving.quest,available,1.99,,high,low,10,name.com,,,
abcef04b-ef3e-4b78-9d1e-ddafdf7e567c,arboreous.quest,available,1.8,19.98,medium,low,9,namecheap,,,06/08/2026 12:59
e7cca88b-bdba-4a52-aedf-232ca3519bf0,exaggerate.quest,available,1.99,15.75,high,low,10,namesilo,,,
39690cd6-91d7-46d7-859b-594f39956bcc,hunchback.quest,available,1.8,19.98,medium,low,9,namecheap,,,13/08/2026 07:49
270df1fd-bdaf-4a09-bfea-e947b757da67,avens.quest,available,1.99,17.29,medium,low,5,namesilo,,,21/09/2026 09:03
ed84b123-0d87-402e-af32-18ff99f592a7,intermix.quest,premium,2660,2660,high,medium,8,namesilo,,,24/09/2026 05:39
236cb816-a84b-4c7c-ba34-5471ac49a0f6,shoveler.quest,available,1.99,17.29,medium,low,8,namesilo,,,19/09/2026 02:54
c7a04965-a394-4abb-b623-a6182a64a8da,dickson.quest,available,1.99,17.29,high,low,7,namesilo,,,25/09/2026 15:42
e8c0f71b-6c40-4790-a6b0-ef6117ca9f29,bowing.quest,available,1.8,19.98,high,medium,6,namecheap,,,10/08/2026 23:25
f91030a6-1ccf-4236-9a70-ab30b875a461,eighter.quest,available,1.8,19.98,medium,low,7,namecheap,,,
9b093808-26c2-4e42-baf3-95da97cdce9d,wormy.quest,available,1.8,19.98,medium,low,5,namecheap,,,13/08/2026 06:43
63c62ae7-7269-4e3e-97f3-6c9445053aec,unaddicted.quest,available,1.8,21.98,medium,low,10,namecheap,,,11/09/2026 23:50
ad94e355-16a6-47c4-b011-4ec790cb990c,piping.quest,available,1.8,21.98,medium,low,6,namecheap,,,10/09/2026 19:43
8db5607e-983c-415f-b956-23848af0c369,bestiality.quest,available,1.99,17.29,medium,low,10,namesilo,,,23/09/2026 10:39
acb8d837-f77d-4bd8-bba0-dc9b66b90030,biosensors.quest,available,1.99,17.29,medium,low,10,namesilo,,,21/09/2026 02:37
f81be00f-1a62-4df0-b260-7d7f87091bb4,romanian.quest,available,1.8,21.98,high,medium,8,namecheap,,,09/09/2026 18:27
c4f00ed8-886d-423f-99f3-90a2a647afb8,antiquark.quest,available,1.99,17.29,medium,low,9,namesilo,,,19/09/2026 15:02
16888ce1-ff42-4570-9d31-26f60597e139,uveous.quest,available,1.8,21.98,low,low,6,namecheap,,,13/09/2026 00:24
2fdce583-ed6e-4a5e-8984-b74b6df3629b,urgently.quest,available,1.8,21.98,medium,low,8,namecheap,,,14/09/2026 12:07
1edcd457-1dbc-45a2-bbe1-86a2c7742685,dialectal.quest,available,1.8,19.98,medium,low,9,namecheap,,,14/08/2026 05:48
07ca4c12-5572-45a5-8081-43185d0a889f,aliquot.quest,available,1.8,19.98,medium,low,7,namecheap,,,
0b961567-7ced-41f8-8fe8-c1e0b029d3ee,hawkish.quest,available,1.8,19.98,medium,low,7,namecheap,,,21/08/2026 01:38
8c41b8a7-5d12-4977-a89a-d2ac8a67b0a7,assuredly.quest,available,1.8,21.98,medium,low,9,namecheap,,,13/09/2026 22:09
da9f4833-ae87-438c-a9ad-146d15811973,grinning.quest,available,1.99,17.29,high,low,8,namesilo,,,27/09/2026 23:14
d21d1478-f27d-4146-b8a5-cfa31934af0f,necklace.quest,available,1.99,17.29,high,low,8,namesilo,,,27/09/2026 14:59
1234205c-32e7-470c-bc35-8e9dcc42d1e2,remains.quest,available,1.99,17.29,medium,low,7,namesilo,,,27/09/2026 03:27
61037e9a-82b2-45cb-b395-f57601b74dfe,himalayan.quest,available,1.8,19.98,high,low,9,namecheap,,,21/08/2026 09:25
c83078cd-8ed3-41fa-aab5-6dbcbb246edd,discarded.quest,available,1.8,19.98,medium,low,9,namecheap,,,11/08/2026 20:21
48693a5c-f35d-4706-a813-c62966ccb100,braced.quest,available,1.8,19.98,medium,low,6,namecheap,,,11/08/2026 00:17
46f32e4a-bd31-4f61-b92e-706ce5af75e4,fluffy.quest,available,1.8,19.98,high,low,6,namecheap,,,14/08/2026 17:46
9409fb89-13f4-4203-830a-55a9dbb4580f,ratified.quest,available,1.8,21.98,high,medium,8,namecheap,,,09/09/2026 10:33
27b3bf93-4248-4bce-89df-e41f68507b0a,youngster.quest,available,1.8,19.98,high,low,9,namecheap,,,25/08/2026 00:01
efdcf0af-6831-4c7d-97d2-82907f102f15,upmarket.quest,available,1.8,21.98,high,low,8,namecheap,,,12/09/2026 23:13
a567d701-7461-4881-a14a-348d5911effe,placed.quest,available,1.99,17.29,high,low,6,namesilo,,,25/09/2026 14:13
4950db7b-665a-425b-aec5-cb4fe072acb7,silvery.quest,available,1.8,19.98,high,low,7,namecheap,,,06/08/2026 17:56
fd81f39f-531d-484d-a3e0-8ad1557ef67e,desperate.quest,available,1.8,19.98,medium,low,9,namecheap,,,14/08/2026 03:58
e3ad7efb-8445-47ed-9956-4a8ea2d54af6,limestone.quest,available,1.99,,high,low,9,name.com,,,
b86b6d8e-4cb8-4567-953a-33e4f18dda4a,arresting.quest,available,1.8,19.98,high,low,9,namecheap,,,06/08/2026 21:47
1e7af79b-6833-47d8-86e1-a6791e0f2f7b,gallant.quest,available,1.8,19.98,high,low,7,namecheap,,,12/08/2026 06:16
7ee82467-8153-44b0-9942-9afd22df32d4,cushy.quest,available,1.8,19.98,high,low,5,namecheap,,,13/08/2026 11:58
c822b1e1-9f5f-4668-8f92-019df37eeacb,visually.quest,available,1.99,17.29,medium,low,8,namesilo,,,16/09/2026 11:04
fdaeccbd-400c-4435-947a-15c07a261a41,albizzia.quest,available,1.8,21.98,medium,low,8,namecheap,,,18/09/2026 03:00
aa22455b-d1f1-49af-a5a0-a9c2f8e83574,ostensive.quest,available,1.8,21.98,medium,low,9,namecheap,,,04/09/2026 18:31
35d09987-adf0-4aae-9229-bef1c5f20cc2,nearer.quest,available,1.99,,medium,low,6,name.com,,,
1d0885c8-8e8c-4c4b-a5ef-19d7efd8cc0c,passage.quest,available,1.24,13.97,high,low,7,spaceship,,,27/09/2026 13:23
76fd3672-8b13-4c79-a27e-fe6a1fb438a6,conk.quest,available,1.8,19.98,medium,low,4,namecheap,,,17/08/2026 21:08
184107ef-66c8-4a0e-968d-9c3cab0c2c3b,dissembler.quest,available,1.8,21.98,medium,low,10,namecheap,,,08/09/2026 19:10
f19460cc-8529-425a-9e43-18c350c42a59,axseed.quest,available,1.99,17.29,medium,low,6,namesilo,,,21/09/2026 10:31
279e0202-5db8-4e30-a974-8fcafafee560,fabulously.quest,available,1.8,21.98,medium,low,10,namecheap,,,14/09/2026 17:19
b002ce77-21e2-439f-a196-4af51c82d4b3,asdic.quest,available,1.99,17.29,medium,low,5,namesilo,,,20/09/2026 13:30
deb3b4a2-f74a-4854-83fa-9defc4cb4774,avicenna.quest,available,1.99,17.29,high,low,8,namesilo,,,16/09/2026 18:41
ec46e89c-61fb-43a1-ae28-09277d084547,ing.quest,premium,2500,,high,low,3,name.com,,,
e09c07d5-392d-4327-b9d0-4a9034f59b94,niggers.quest,available,1.99,17.29,low,low,7,namesilo,,,16/09/2026 14:20
30efc60c-8a15-49f2-8dd4-d18b44ed5fc0,modernized.quest,available,1.99,17.29,high,low,10,namesilo,,,19/09/2026 17:17
80206bca-da93-466e-bb03-393fb66e8219,cluttered.quest,available,1.8,19.98,medium,low,9,namecheap,,,12/08/2026 13:12
bb9cec79-5a36-4a4a-87cb-8ccc7dad9b4e,beanfeast.quest,available,1.8,21.98,medium,low,9,namecheap,,,22/09/2026 20:29
45fc325a-547d-4da4-a3a4-0002da01a7c0,painter.quest,resell,,,high,low,7,,,,27/09/2026 12:44
997be107-710a-493f-9af5-da905a98f64e,otoscope.quest,available,1.99,17.29,medium,low,8,namesilo,,,21/09/2026 04:28
66b990a2-71ce-4299-b539-30eca6e72309,heidelberg.quest,available,1.99,17.29,high,low,10,namesilo,,,25/09/2026 16:09
9975ea4a-1afb-4f69-86bd-fed6516de853,unshaded.quest,available,1.8,21.98,medium,low,8,namecheap,,,12/09/2026 19:27
7d2fce94-5418-4180-85ad-a64d027afe6c,collapse.quest,available,1.24,13.97,high,low,8,spaceship,,,27/09/2026 12:20
70e62d13-48ad-4ada-a3cd-6778cc2c3b31,haywire.quest,available,1.8,19.98,medium,low,7,namecheap,,,
778b3c8d-6126-4beb-9e16-c792fe0275ee,scourge.quest,available,1.8,19.98,medium,low,7,namecheap,,,18/08/2026 06:16
d595ee6b-32d8-4703-83fb-0e48550f6c48,outlawed.quest,available,1.8,19.98,medium,low,8,namecheap,,,21/08/2026 19:52
e6d68845-2dcf-4330-8245-fc5b4475db0d,wentworth.quest,available,1.99,17.29,medium,low,9,namesilo,,,25/09/2026 21:47
a16bcf2e-af15-49f8-babe-ae39473565fd,thumb.quest,available,1.99,17.29,high,low,5,namesilo,,,25/09/2026 22:48
429c1090-8650-4060-81d4-cab3eded86c2,unasked.quest,available,1.8,21.98,medium,low,7,namecheap,,,12/09/2026 01:10
4302e08a-ae2e-4a5f-8d67-ffdf26077600,mistaken.quest,available,1.8,19.98,medium,low,8,namecheap,,,25/08/2026 01:52
4e53ba2a-90ae-4179-a42c-29f7a4774337,professions.quest,available,1.99,17.29,medium,low,11,namesilo,,,19/09/2026 22:50
cd3de504-5f26-4d78-8f37-7e06aea81b40,compulsory.quest,available,1.8,21.98,high,low,10,namecheap,,,23/09/2026 18:17
787b5c24-08e8-43f0-9063-d1f31111f2c5,whiteboard.quest,available,1.99,,high,low,10,name.com,,,
bd8d0617-a4e3-4116-9545-0bcc2e78c52b,unbolted.quest,available,1.8,21.98,medium,low,8,namecheap,,,12/09/2026 01:36
657592bb-d922-4b90-b2ec-ee97e5170d86,barebacked.quest,available,1.8,19.98,medium,low,10,namecheap,,,08/08/2026 18:44
cb690f95-8446-460e-867a-094bc2d61f22,erwin.quest,available,1.99,17.29,high,low,5,namesilo,,,27/09/2026 01:41
48996770-cb8a-40c4-a262-1925245e5580,instructor.quest,available,1.99,17.29,high,low,10,namesilo,,,28/09/2026 02:10
722d42b7-06c1-4d77-a638-038dbe0a185f,corona.quest,premium,2500,,high,medium,6,name.com,,,
3cb4d878-65e3-40b5-81e3-628d05740e82,industrialize.quest,available,1.99,,medium,low,13,name.com,,,
087f3783-b932-471f-936e-48e69eea94ed,gladiola.quest,available,1.8,19.98,medium,low,8,namecheap,,,19/08/2026 00:09
c6fb3027-5666-4c25-9d7d-aec4a47858a9,genitive.quest,available,1.8,19.98,medium,low,8,namecheap,,,18/08/2026 21:46
d060ed57-21dc-4f2a-88d0-7b98d3723b06,accumulate.quest,available,1.8,19.98,high,low,10,namecheap,,,12/08/2026 16:47
70d7039e-dbef-4f6b-bfff-1e4fa1b35f40,xxiii.quest,available,1.8,19.98,medium,low,5,namecheap,,,
f9bde98f-ab19-4d94-b72c-e1bce978ce1a,dashingly.quest,available,1.8,21.98,medium,low,9,namecheap,,,14/09/2026 10:41
b61cbdb5-0886-4fe3-9e27-37da8b28fcdb,copasetic.quest,available,1.8,19.98,medium,low,9,namecheap,,,13/08/2026 00:20
c8696758-ffe0-4602-8acf-2c21d43e5f94,alopex.quest,available,1.8,21.98,medium,low,6,namecheap,,,18/09/2026 13:19
1ef4361f-a740-4f1e-8674-c51640aeff67,alkali.quest,available,1.99,17.29,high,low,6,namesilo,,,18/09/2026 08:16
1e47c4c9-23df-497b-94bb-1164d1eba87e,streamed.quest,available,1.99,14.45,high,low,8,dynadot,,,28/09/2026 03:37
e259fa1c-36c5-4f83-95d5-baceb9fbd3ba,failing.quest,available,1.8,19.98,medium,low,7,namecheap,,,17/08/2026 20:44
33cbbada-9f28-4e27-b637-7d7ae5901a4e,tricksy.quest,available,1.8,19.98,medium,low,7,namecheap,,,13/08/2026 04:36
7ac2392f-34cb-473a-bbbb-c62fc99ce726,yemeni.quest,available,1.8,21.98,high,low,6,namecheap,,,13/09/2026 14:34
4d212c40-af1a-4895-aa64-65272fe11376,acetal.quest,available,1.99,17.29,medium,low,6,namesilo,,,16/09/2026 23:47
92e5b6d2-ced3-43c5-a92d-0bc4d560fcb7,isotopic.quest,available,1.8,19.98,medium,low,8,namecheap,,,22/08/2026 11:26
57c035e1-3c84-44aa-9aeb-81ae2a17c22d,clorox.quest,premium,2660,2660,high,low,6,namesilo,,,24/09/2026 15:53
20aa1842-a74c-4dee-97ea-91b4ea345876,anybody.quest,available,1.99,,medium,low,7,name.com,,,
261cba74-e390-49df-91c4-d4547ada12e1,wheeler.quest,available,1.99,17.29,high,low,7,namesilo,,,23/09/2026 13:27
95cedcc5-27a0-4d20-93cb-b7b256e80178,mothafucka.quest,available,1.99,,medium,low,10,name.com,,,
390fb4ba-6d2a-497d-a426-5dc0a3d0b149,represented.quest,available,1.99,,high,low,11,name.com,,,
436f31eb-aa51-4278-a8cf-2f7f320c6b03,squeaking.quest,available,1.8,21.98,medium,low,9,namecheap,,,10/09/2026 00:03
610dc31e-41ab-47c0-970a-0fdf311a5ba9,ignoble.quest,available,1.8,19.98,medium,low,7,namecheap,,,21/08/2026 18:23
63fc9343-ba4f-4014-9355-425eb1b6b2c6,dissolve.quest,available,1.99,15.75,high,low,8,namesilo,,,
45c79b43-b8f5-45a0-ace9-f34f2c5698f6,proceed.quest,available,1.99,,high,low,7,name.com,,,
768ef753-0922-4053-bfe8-35ad23bf409b,appraisal.quest,available,1.99,17.29,high,low,9,namesilo,,,19/09/2026 22:07
a6a0c398-4aad-4777-b127-273e5a411a78,hateful.quest,available,1.8,19.98,medium,low,7,namecheap,,,21/08/2026 01:18
05851ae4-8a92-45dd-87a6-d22e406b2345,distinctly.quest,available,1.8,21.98,medium,low,10,namecheap,,,14/09/2026 13:19
1502b59a-1aeb-4a80-b185-30ad5a55a03a,agony.quest,available,1.8,21.98,medium,low,5,namecheap,,,11/09/2026 01:10
46667fc7-b355-4fa7-bcfd-a24aaeecc440,welsh.quest,available,1.8,19.98,high,low,5,namecheap,,,11/08/2026 15:44
bf52cc27-36b3-4730-9420-d5f6364646da,monogamous.quest,available,1.8,19.98,high,low,10,namecheap,,,25/08/2026 05:11
0375c602-dd06-450a-8c29-c28613e14802,acorn.quest,available,1.8,21.98,high,low,5,namecheap,,,17/09/2026 02:18
60f660f9-bb0d-447b-a9d5-2ac0385d640a,uncapped.quest,available,1.8,21.98,medium,low,8,namecheap,,,12/09/2026 04:44
4bf2fab9-eba5-4d02-8bbf-e85ed88e6d0d,learnedly.quest,available,1.8,21.98,high,low,9,namecheap,,,14/09/2026 16:04
90c919e6-31dc-4c0b-9793-809895eb1639,nonaligned.quest,available,1.8,21.98,medium,low,10,namecheap,,,03/09/2026 18:44
e39459da-010e-4080-b19b-c40f42807118,stevenson.quest,available,1.99,17.29,high,low,9,namesilo,,,17/09/2026 08:37
e6cf388b-746b-4d9b-a789-16a6ae94873b,velcro.quest,premium,2660,2660,high,medium,6,namesilo,,,19/09/2026 10:11
e394770b-3478-44e6-9d1c-6efffe0decbf,emigrants.quest,available,1.99,17.29,medium,low,9,namesilo,,,27/09/2026 11:26
41fbeb93-3f8d-4405-b369-c7f0ce24ec59,atavism.quest,available,1.99,17.29,medium,low,7,namesilo,,,20/09/2026 19:45
39c3eb32-c95f-47ea-8bca-236c32bed125,enamored.quest,available,1.8,19.98,high,low,8,namecheap,,,16/08/2026 21:09
7f141810-41b8-4ae8-921e-84f41d673500,variably.quest,available,1.99,17.29,medium,low,8,namesilo,,,16/09/2026 10:46
9ea9f4dc-e03a-43b1-930d-4a77df00f25e,autocrat.quest,available,1.8,21.98,medium,low,8,namecheap,,,21/09/2026 06:11
9223e23e-4765-4699-ba02-4ce82adc11c2,forfeiture.quest,available,1.8,19.98,medium,low,10,namecheap,,,18/08/2026 11:45
7e3a9f97-0e31-4254-92c1-ba7b4f033be6,remover.quest,available,1.99,,high,low,7,name.com,,,
55f78b9a-6a53-4ace-9270-2e7963dc6536,fatherly.quest,available,1.8,19.98,high,low,8,namecheap,,,17/08/2026 23:36
3d722bb1-d289-45d8-86d5-84d92ded7ba8,idealized.quest,available,1.8,19.98,high,low,9,namecheap,,,21/08/2026 17:58
ff583000-633a-4afc-b77f-937c5852a798,permutable.quest,available,1.8,21.98,medium,low,10,namecheap,,,08/09/2026 17:50
a38c24a3-e953-4b49-906c-de386577684c,fauna.quest,available,1.8,19.98,high,low,5,namecheap,,,
044fcf5b-2955-4d13-a956-5db938013570,chartered.quest,available,1.8,19.98,high,low,9,namecheap,,,12/08/2026 02:47
0a666aff-3e7b-4f6b-8e03-3e75b9927faf,armament.quest,available,1.8,21.98,medium,low,8,namecheap,,,20/09/2026 06:31
22f38eac-6137-4691-8f73-4dc2a6403e60,reciprocal.quest,available,1.8,21.98,high,low,10,namecheap,,,09/09/2026 11:29
711bb74d-8d73-41a3-a744-fbc42aa76ebf,escort.quest,premium,2660,2660,high,low,6,namesilo,,,24/09/2026 06:34
02ab127b-5b93-4a27-823d-11f4eafa23a7,terbium.quest,available,1.99,17.29,medium,low,7,namesilo,,,20/09/2026 23:28
0258b709-0c59-4725-81df-f5a9729cd387,beano.quest,available,1.8,21.98,medium,low,5,namecheap,,,22/09/2026 20:40
2e0bae91-256f-4f30-8ba1-a0133f2f8715,xxiv.quest,available,1.8,19.98,medium,low,4,namecheap,,,
3fb099c3-6ef3-4692-b8e4-11bd81a805a4,auxin.quest,available,1.99,17.29,medium,low,5,namesilo,,,21/09/2026 08:33
5b659c4e-57d4-4297-88d1-1561dce571a0,anura.quest,available,1.8,21.98,medium,low,5,namecheap,,,19/09/2026 15:53
fc01ddd2-a19f-4a6c-b25c-bda5e11fe683,phantasm.quest,available,1.8,21.98,high,low,8,namecheap,,,08/09/2026 18:36
10dc0f9f-97a0-4100-b382-95a1f5861f7a,herds.quest,available,1.8,21.98,medium,low,5,namecheap,,,19/09/2026 20:40
6c265a75-6034-44e4-b671-c17d3d21d666,optic.quest,available,1.99,17.29,high,low,5,namesilo,,,25/09/2026 23:58
fa875ba0-b721-4df2-8132-5e78a062ee4f,gadolinium.quest,available,1.99,17.29,medium,low,10,namesilo,,,20/09/2026 23:27
bba0d9f7-1a8c-40fd-8da7-c50d22b01b0f,tamanoir.quest,available,1.8,21.98,medium,low,8,namecheap,,,19/09/2026 12:16
d5562b1f-1794-42f4-9903-c205258ae208,feelingly.quest,available,1.8,21.98,medium,low,9,namecheap,,,14/09/2026 18:18
6375cd17-7c9a-4c90-92ca-726d2cd4ccc5,ossified.quest,available,1.8,19.98,medium,low,8,namecheap,,,18/08/2026 13:15
44a18aaf-e703-49ca-8af7-98cc66ff11d3,sphalerite.quest,available,1.8,21.98,medium,low,10,namecheap,,,24/09/2026 05:44
3ef0ac6b-7afe-4f63-b30a-1567051238a5,indigene.quest,available,1.8,21.98,medium,low,8,namecheap,,,03/09/2026 13:49
05f20ecb-0340-4677-95a9-3df33f374d09,rump.quest,available,1.8,19.98,medium,low,4,namecheap,,,09/08/2026 11:28
7950f7c1-d5b7-4e03-bf32-2e3b211fd722,gloomy.quest,available,1.8,19.98,medium,low,6,namecheap,,,14/08/2026 11:40
b17ac6f3-0c3b-4537-8abe-2da3b3601472,detailing.quest,available,1.99,15.75,high,low,9,namesilo,,,
31c2a920-03d0-4626-9c75-16b71a4bb732,bond.quest,premium,2500,,high,low,4,name.com,,,
6bb8420f-65d7-4e0d-b862-8d295f240b78,equitable.quest,available,1.8,19.98,high,low,9,namecheap,,,17/08/2026 11:54
4c89ac28-e3df-4623-b2e7-4fc28260b032,swot.quest,available,1.8,19.98,high,low,4,namecheap,,,10/08/2026 18:21
bfc814e2-729a-4e19-9069-272d02ff8f40,turns.quest,available,1.99,17.29,medium,low,5,namesilo,,,18/09/2026 14:48
f9ef4355-52d2-408e-8ad7-1d18c1eda81d,ammonite.quest,available,1.99,17.29,high,low,8,namesilo,,,18/09/2026 22:08
6e608a23-1e3e-401f-9516-0393b7e4dbe8,foliated.quest,available,1.8,21.98,medium,low,8,namecheap,,,08/09/2026 09:20
eeef0069-d8bb-4f0a-9942-eed7f7183aee,blockade.quest,available,1.99,15.75,medium,low,8,namesilo,,,
5911beda-7788-463d-adfe-7ef4a2459b20,coexisting.quest,available,1.8,19.98,medium,low,10,namecheap,,,12/08/2026 15:32
f2628fcc-2031-458a-98c5-19048ca64aca,nobility.quest,available,1.99,17.29,high,low,8,namesilo,,,20/09/2026 05:50
ac7d0358-0754-4a56-87f8-e4d5086a3e9f,argentine.quest,available,,,high,high,9,,,,
08d16412-f2d3-4073-abe8-8ff81de9f394,eery.quest,available,1.8,19.98,medium,low,4,namecheap,,,15/08/2026 12:45
bbe7b869-af43-4980-ae13-e6d7baa4ac98,ephemeron.quest,available,1.8,19.98,medium,low,9,namecheap,,,17/08/2026 10:22
b9cb0752-3a0d-4e8d-9c73-cc0f704a57c9,univocal.quest,available,1.8,21.98,medium,low,8,namecheap,,,12/09/2026 09:15
a7552996-224b-4ecf-bd40-6a09bd669c69,rakes.quest,available,1.99,17.29,medium,low,5,namesilo,,,20/09/2026 22:29
3d3754f6-e863-4e31-80fa-cf6b6af05001,hoar.quest,premium,2500,2500,medium,low,4,name.com,,,20/08/2026 19:18
ac801191-3f0c-4933-8ef8-4aed346a19e4,windmill.quest,available,1.99,17.29,high,low,9,namesilo,,,17/09/2026 13:01
fff14ad4-0114-466c-8844-829c7735ca81,arctiid.quest,available,1.99,17.29,medium,low,7,namesilo,,,20/09/2026 02:47
e5cb5cf3-a3a6-4a9c-98e0-bca90d162653,aging.quest,available,1.99,17.29,high,low,5,namesilo,,,21/09/2026 22:40
704b8258-a3a8-49d2-8dd6-17308d6c7aac,anodal.quest,available,1.8,19.98,medium,low,6,namecheap,,,
cf28e39a-3dbe-41b2-9b96-884deb873fe3,limpid.quest,available,1.8,19.98,high,low,6,namecheap,,,13/08/2026 09:41
3ea75f3f-c873-4016-a002-54b47de3eba7,speculation.quest,available,1.99,,medium,low,11,name.com,,,
3afb40d3-6780-4565-befc-f7cfb4586158,downstream.quest,available,1.8,19.98,high,low,10,namecheap,,,14/08/2026 17:59
a1eed7c5-d5c1-4528-a94d-308cbc4e9894,narcotic.quest,available,1.8,21.98,medium,low,8,namecheap,,,03/09/2026 13:12
4d484ddf-c5d1-43ca-abcb-7b7f496c447e,analyst.quest,available,1.99,15.75,high,low,7,namesilo,,,
a22ad67d-f7f9-4841-90d6-89545dd12006,receive.quest,available,1.99,,high,low,7,name.com,,,
85810d8e-ee8d-478c-8a16-2260e038aae0,afterward.quest,available,1.8,19.98,medium,low,9,namecheap,,,
7a03c710-2e85-4560-96d1-7d8caaf41362,stolid.quest,available,1.8,19.98,medium,low,6,namecheap,,,21/08/2026 21:51
118d9590-79ef-4cad-a79d-a178bbe1e095,bewitching.quest,available,1.8,19.98,medium,low,10,namecheap,,,09/08/2026 18:19
ea18bb77-e866-452d-9713-ac99534a5c39,pentad.quest,available,1.8,19.98,medium,low,6,namecheap,,,
480e6214-e60f-4ec8-af1b-a20d4696c213,symbolic.quest,available,1.8,19.98,high,low,8,namecheap,,,16/08/2026 09:31
a2c42a45-0cc0-4b96-b07c-a52691bee33b,tasked.quest,available,1.8,21.98,medium,low,6,namecheap,,,20/09/2026 17:24
c86f233d-12dc-46f8-b08a-0734772a654c,granola.quest,available,1.99,,high,low,7,name.com,,,
dff673a9-3d10-4ee1-819c-2163d8302d91,protecting.quest,available,1.99,17.29,high,low,10,namesilo,,,27/09/2026 02:52
105839fd-4dea-4b58-93af-da4a88dd7daa,hutton.quest,available,1.99,17.29,high,low,6,namesilo,,,25/09/2026 07:41
c329bd0c-0438-43fc-a925-1811edd8237c,balding.quest,available,1.8,19.98,medium,low,7,namecheap,,,08/08/2026 09:35
40998d67-3239-494e-9c87-0056a4b7a5d7,modem.quest,available,1.99,,high,low,5,name.com,,,
fbb1d24b-fdd7-4cfa-8358-6051aead9c88,themself.quest,available,1.99,,medium,low,8,name.com,,,
d44cac65-be78-4409-be89-d03d6ef6c0bc,jelled.quest,available,1.8,19.98,medium,low,6,namecheap,,,12/08/2026 21:27
864047d1-ea6c-485e-a303-a10973c2e943,mandatory.quest,available,1.8,21.98,high,low,9,namecheap,,,23/09/2026 18:22
60e7d5b0-246a-4783-bca7-67a6391aaa23,underdone.quest,available,1.8,21.98,medium,low,9,namecheap,,,12/09/2026 07:24
8e690e3b-467d-4b1f-807a-5652e29df54d,mechanized.quest,available,1.99,17.29,medium,low,10,namesilo,,,19/09/2026 16:26
cbc8634a-d912-45b1-a334-a8c7db74af43,inwardly.quest,available,1.8,21.98,medium,low,8,namecheap,,,15/09/2026 09:18
f6a22c37-9166-40da-a337-b4a4e44796d1,soap.quest,premium,2500,,high,low,4,name.com,,,
e58fe134-1ef6-4010-8a58-af1db085c755,theorize.quest,available,1.99,17.29,high,low,8,namesilo,,,24/09/2026 17:19
d3379782-4d39-4348-8f8b-0f6f309a4c40,fresher.quest,available,1.8,19.98,high,low,7,namecheap,,,18/08/2026 15:22
be6172d2-0e79-4dc1-8b45-c72c899f6ba0,innate.quest,available,1.8,19.98,high,low,6,namecheap,,,12/08/2026 21:44
68fb82b3-32f6-45a8-9544-a05e20376512,chalky.quest,available,1.8,19.98,medium,low,6,namecheap,,,11/08/2026 13:39
29854d24-9664-4b6c-9f7c-bf14b66f1db9,isomorphic.quest,available,1.8,19.98,medium,low,10,namecheap,,,22/08/2026 11:12
23b8a2b0-5972-4d71-a378-d8e1ddc33151,harmonised.quest,available,1.8,19.98,high,low,10,namecheap,,,12/08/2026 22:52
63dcce24-1a1d-401b-abd6-1838195f3f1d,stupidly.quest,available,1.8,21.98,medium,low,8,namecheap,,,14/09/2026 13:43
c7cca8a6-2f45-4f66-ab0b-19fd74fb720f,leaders.quest,resell,,,high,low,7,"Spaceship, Inc.",13/04/2026 22:03,13/04/2027 23:59,26/09/2026 07:10
f2e0c6ca-f929-4a98-a794-d1e9eeb9c548,haptic.quest,available,1.8,19.98,medium,low,6,namecheap,,,21/08/2026 00:01
6ea3b810-8840-4e54-aa59-da22dee81db5,barbarous.quest,available,1.8,19.98,medium,low,9,namecheap,,,08/08/2026 15:40
8a7b85b5-45b3-4f15-ba22-6510c270a641,luggage.quest,available,1.99,,high,low,7,name.com,,,
026761ca-872f-45d3-9202-495f8811cced,adversity.quest,available,1.99,17.29,high,low,9,namesilo,,,17/09/2026 10:54
a987ea0c-0a9c-469a-b288-5ae598f01b31,veterans.quest,available,1.99,17.29,high,low,8,namesilo,,,18/09/2026 11:06
46ad4390-7165-478c-9438-76603d78c363,captivated.quest,available,1.8,19.98,medium,low,10,namecheap,,,09/08/2026 09:52
6316edaa-bf78-4c1c-a500-ee43e0938d9a,cloudy.quest,available,1.8,19.98,high,low,6,namecheap,,,12/08/2026 12:41
100631c7-445d-4404-ae24-3cbb6b15236c,tolu.quest,available,1.99,20.99,medium,low,4,name.com,,,22/09/2026 00:08
df4f9af7-1fee-4443-9b10-a7373685c0ca,soph.quest,available,1.8,21.98,medium,low,4,namecheap,,,10/09/2026 14:20
0848a69a-847d-4363-8962-b53736bf8c8d,commutable.quest,available,1.8,19.98,medium,low,10,namecheap,,,12/08/2026 19:17
16fc2021-3b37-45ca-bbb7-a216aa3439fd,decay.quest,available,1.99,,high,low,5,name.com,,,
9f495b7a-cd73-4fbe-b964-7ce07840d512,clause.quest,available,1.99,17.29,high,low,6,namesilo,,,24/09/2026 15:20
f9b2f09d-f9e0-479e-a056-2d9d4f1c8d27,vomiting.quest,available,1.99,,medium,low,8,name.com,,,
ad370a84-9e35-41ff-a543-09af41625746,accede.quest,available,1.99,17.29,high,low,6,namesilo,,,20/09/2026 16:11
bde44d05-419b-49f6-b2fe-127e1b8afecf,ecumenical.quest,available,1.8,19.98,medium,low,10,namecheap,,,15/08/2026 04:38
56243032-e6d6-49f4-bd34-2a7c62ab0e5c,combustion.quest,available,1.8,19.98,high,low,10,namecheap,,,11/08/2026 10:57
5c2f4227-ecb8-491c-81c1-fef894b31004,collide.quest,available,1.99,17.29,high,low,7,namesilo,,,24/09/2026 15:18
9d516b04-7c6b-4a62-a45e-53636b63d504,flowered.quest,available,1.8,19.98,high,low,8,namecheap,,,18/08/2026 08:56
9d22dd42-144a-4df0-94b5-565319464894,arrival.quest,available,1.8,21.98,high,low,7,namecheap,,,20/09/2026 09:13
4663cec9-458e-4004-97b2-de2464c563d0,unlearned.quest,available,1.8,19.98,medium,low,9,namecheap,,,21/08/2026 18:31
27361c53-b0d3-470f-a6da-821f6f85426a,irritating.quest,available,1.8,19.98,medium,low,10,namecheap,,,
0a837be3-fcad-447e-8d9a-f341c2bad84d,unselected.quest,available,1.8,21.98,medium,low,10,namecheap,,,12/09/2026 19:14
0d6e311d-45f1-49ee-a0c6-a33fb1191793,expires.quest,available,1.99,17.29,medium,low,7,namesilo,,,20/09/2026 13:50
ecaa7be7-9b00-4164-8f67-820db5bb640a,terracotta.quest,available,1.99,17.29,high,low,11,namesilo,,,17/09/2026 09:12
8612d9c1-d46c-4689-a499-2adbfdecedfb,multilevel.quest,available,1.8,21.98,medium,low,10,namecheap,,,03/09/2026 10:46
1853effc-7b2e-4cb1-b4ce-0c5deeef2ea8,stations.quest,available,1.99,,high,low,8,name.com,,,
99fb74e7-fe65-475d-9266-f18c8dcdb7b0,diatomic.quest,available,1.8,19.98,medium,low,8,namecheap,,,14/08/2026 06:19
ef6b584d-47ae-4917-972b-854950d4c842,degrees.quest,available,1.99,17.29,medium,low,7,namesilo,,,25/09/2026 17:04
2dbaf892-28c9-4ea3-b6b9-a74e1d381426,hag.quest,available,1.99,17.29,high,low,3,namesilo,,,23/09/2026 04:44
d0d82516-9289-4a41-9ca2-5418b1d9de6f,acridid.quest,available,1.8,21.98,medium,low,7,namecheap,,,17/09/2026 02:59
9da1da1b-55da-4664-addb-be9fe920ea07,sports.quest,premium,845,15.73,high,medium,6,namecheap,,,
a0d38350-2009-4a26-9d84-95c807c3f275,quantal.quest,available,1.8,21.98,medium,low,7,namecheap,,,09/09/2026 07:28
600c5f39-147a-4540-8f37-3ecbf77e3c90,tinkly.quest,available,1.8,21.98,medium,low,6,namecheap,,,11/09/2026 16:15
f6cf45a0-3c64-4e13-809c-927577445217,seldom.quest,available,1.8,21.98,medium,low,6,namecheap,,,15/09/2026 22:34
ea5e1115-6eeb-44d3-8fad-a430983897c2,volunteering.quest,available,1.99,17.29,high,low,12,namesilo,,,17/09/2026 09:33
08c4a4f3-99d9-4b2c-b169-cb4660652a6e,forsaking.quest,available,1.99,17.29,medium,low,9,namesilo,,,16/09/2026 13:59
0563d3ce-f367-4147-a397-48615d43e254,accentual.quest,available,1.8,19.98,medium,low,9,namecheap,,,
249966d4-d5cc-4186-b26b-3090e43beec9,coin.quest,premium,2500,2500,high,medium,4,name.com,,,25/08/2026 00:50
bb88e817-0ea4-4f51-8a69-7bab23a3f3a2,phillip.quest,available,1.99,17.29,high,low,7,namesilo,,,17/09/2026 13:24
5e7ce7d1-7477-40fb-81da-80288141252f,drumhead.quest,available,1.8,19.98,medium,low,8,namecheap,,,14/08/2026 20:15
c787a809-c4e2-4f97-ab00-d4420aef83fa,lives.quest,available,1.8,21.98,high,low,5,namecheap,,,18/09/2026 05:57
58698d0a-6351-4a78-b8e2-d09189d96be4,suspend.quest,available,1.99,,high,low,7,name.com,,,
bc69510d-c0fb-44ca-85a2-026bea94345e,tremulous.quest,available,1.8,21.98,medium,low,9,namecheap,,,09/09/2026 07:46
f63c89ce-3344-4528-a23f-8a7ad4426183,punctuate.quest,available,1.8,21.98,high,low,9,namecheap,,,16/09/2026 21:54
faaa8344-b73c-4063-9408-623e945d09e2,hitch.quest,available,1.8,19.98,high,low,5,namecheap,,,20/08/2026 22:55
a7a9be2f-db2a-43f9-a7ae-3750a07883e7,flaring.quest,available,1.8,19.98,high,low,7,namecheap,,,
74262ebc-9bc2-458d-9665-0629ba924a26,boer.quest,available,1.8,19.98,medium,low,4,namecheap,,,
465e9ce6-749c-4151-8a8a-7b820d08b7a9,anseres.quest,available,1.8,21.98,medium,low,7,namecheap,,,19/09/2026 12:08
6698baae-9158-4143-9741-c77345aebb87,concentrated.quest,available,1.99,15.75,high,low,12,namesilo,,,
b2d39133-173b-4e0f-8839-ca73a463b789,shattering.quest,available,1.8,21.98,high,medium,10,namecheap,,,10/09/2026 06:06
d9c5fdf6-cdba-44a2-859f-5b54357b153b,hapless.quest,available,1.8,19.98,medium,low,7,namecheap,,,20/08/2026 23:48
75f28156-7293-4031-8813-39a550a91177,satyrical.quest,available,1.8,21.98,medium,low,9,namecheap,,,09/09/2026 21:57
9c3501f5-e718-4f3a-96d5-3f136615c98d,wagons.quest,available,1.8,21.98,medium,low,6,namecheap,,,19/09/2026 20:22
47e4cd6f-4df0-487a-baaf-c5442618bfd6,wordless.quest,available,1.8,21.98,medium,low,8,namecheap,,,03/09/2026 11:53
f1d0b2c5-ffdc-403f-9fc0-53afbbdd89d7,parody.quest,available,1.99,17.29,high,low,6,namesilo,,,23/09/2026 11:34
e27c6877-ed9d-4c40-87d1-c10458270b5e,supervillains.quest,available,1.99,17.29,low,low,13,namesilo,,,21/09/2026 05:46
e683203a-f46b-4c8c-9789-95e1d184b812,hostages.quest,available,1.99,17.29,medium,low,8,namesilo,,,27/09/2026 11:30
a6144496-8226-4767-89e4-20ab28224d86,affaire.quest,available,1.99,17.29,medium,low,7,namesilo,,,17/09/2026 14:00
b1f5fe5a-58f6-418a-8968-3739b9904431,columbo.quest,available,1.8,21.98,medium,low,7,namecheap,,,18/09/2026 19:32
874a0311-8f22-4014-a482-593ce2ba1eec,prefaded.quest,available,1.8,21.98,high,medium,8,namecheap,,,09/09/2026 01:34
59006e15-a4c6-49e8-993c-dbca519cd67f,arhant.quest,available,1.99,20.99,medium,low,6,name.com,,,20/09/2026 05:07
9b9632b1-433f-46c3-8f60-80dc4c8bbb23,upland.quest,available,1.8,19.98,medium,low,6,namecheap,,,21/08/2026 09:14
618bd2fb-f522-4a73-97f8-3e79897a453a,dampish.quest,available,1.99,20.99,medium,low,7,name.com,,,13/08/2026 16:41
d7604e68-7075-4056-b1a2-6fcb50a4a08d,synoptical.quest,available,1.8,21.98,medium,low,10,namecheap,,,11/09/2026 06:35
b430973f-29d2-4360-8a7b-f15a39528392,cleaner.quest,available,1.99,15.75,high,low,7,namesilo,,,
ece4b0f7-e9ea-49d5-976c-fdf78a3245c9,algolagnia.quest,available,1.99,17.29,medium,low,10,namesilo,,,18/09/2026 07:07
b11c6bdb-02c2-45a2-9db9-eaa1ff344c37,accused.quest,available,1.99,15.75,high,low,7,namesilo,,,
80853d6e-a44f-4165-a4e9-5215fa8f2b15,preciously.quest,available,1.8,21.98,high,medium,10,namecheap,,,09/09/2026 01:14
2b679be3-00a3-4987-ace2-1b956d94edbe,discussion.quest,available,1.99,15.75,high,low,10,namesilo,,,
e2681510-aec5-478d-8a1d-2d62be534c78,plenitude.quest,available,1.8,21.98,high,high,9,namecheap,,,15/09/2026 20:33
959453ed-f65b-4cec-8bd7-be08f01498db,asthenia.quest,available,1.8,21.98,medium,low,8,namecheap,,,20/09/2026 17:17
722d6c8b-382d-45df-89fc-ab136d9cd027,xviii.quest,available,1.99,17.29,medium,low,5,namesilo,,,21/09/2026 12:00
91471c17-3826-4c2b-9a87-aa8857a6c28b,anklets.quest,available,1.8,21.98,medium,low,7,namecheap,,,19/09/2026 09:46
8963c9de-0c11-4117-aa35-33bb62bde4ce,snap.quest,premium,2660,2660,high,medium,4,namesilo,,,24/09/2026 01:20
7c3d3f46-23f7-4876-8222-68a74639bf86,foiling.quest,available,1.8,21.98,medium,low,7,namecheap,,,11/09/2026 15:16
23a4ea94-caac-4ae5-ac58-2eccb8563aab,arsenal.quest,premium,2660,2660,high,low,7,namesilo,,,20/09/2026 09:36
42b46970-7145-4472-b673-a08b8725cfad,longwise.quest,available,1.8,19.98,medium,low,8,namecheap,,,22/08/2026 23:42
f417bacf-2587-4609-8d5f-717f285068a3,aquitania.quest,available,1.99,17.29,medium,low,9,namesilo,,,19/09/2026 23:18
4142412d-65e0-4565-8bb5-272169004af0,incoming.quest,available,1.8,19.98,high,low,8,namecheap,,,22/08/2026 01:44
4657e9c7-59c9-431e-ae7c-3d7f88ddce43,appalachia.quest,available,1.8,21.98,medium,low,10,namecheap,,,19/09/2026 19:44
a4ee69e6-62c4-4b26-9712-0a680e7c368c,beading.quest,available,1.8,21.98,high,low,7,namecheap,,,22/09/2026 19:27
f673c15b-1aa2-40c2-9e9f-9f22878c9593,pumping.quest,available,1.8,21.98,high,low,7,namecheap,,,17/09/2026 18:09
99c2965c-312f-4e2e-87a5-60a18aec658f,autogenic.quest,available,1.8,19.98,medium,low,9,namecheap,,,07/08/2026 20:21
0f450f98-e8e3-46c7-8eb9-0c59de54d2be,purplish.quest,available,1.8,21.98,high,medium,8,namecheap,,,09/09/2026 06:22
f01aa13a-fa49-4513-ac46-251e3fcc8275,vulgar.quest,available,1.8,19.98,medium,low,6,namecheap,,,14/08/2026 22:44
a01f576a-856c-4a8c-bc07-f804b07e4491,kerensky.quest,available,1.99,17.29,high,low,8,namesilo,,,18/09/2026 05:02
52fe364c-eab5-49a2-9eb4-0b32c7a231d4,shoots.quest,available,1.99,17.29,high,low,6,namesilo,,,28/09/2026 03:32
b5f22405-0beb-4721-9bcc-bf15af4b4cda,zaire.quest,available,1.99,17.29,high,medium,5,namesilo,,,23/09/2026 04:58
26cf6fae-0676-4aa7-8c1c-22a39029007c,latish.quest,available,1.8,19.98,medium,low,6,namecheap,,,22/08/2026 20:43
611d1299-1653-4fc8-b075-de8d71e66982,surprised.quest,available,0.99,25.99,high,low,9,godaddy,,,28/09/2026 02:04
b2dacdd6-c6be-4cd8-8392-540c37bf4280,cute.quest,resell,,,high,low,4,"Spaceship, Inc.",09/03/2026 19:21,09/03/2027 23:59,26/09/2026 05:23
710bff37-7c30-45f1-9340-e55519d4f8a5,osborne.quest,available,1.99,17.29,high,medium,7,namesilo,,,25/09/2026 08:01
58b0faf1-d960-4a0b-a03c-e78b664ee7b6,interpersonal.quest,available,1.99,,high,low,13,name.com,,,
e9028020-bc42-4bf3-a27d-edc08f0aae7a,screeching.quest,available,1.8,21.98,medium,low,10,namecheap,,,09/09/2026 23:59
74804a5e-cf32-4d3a-bede-b31d97efc1fd,implanted.quest,available,1.8,19.98,medium,low,9,namecheap,,,13/08/2026 22:47
b51dbab8-5fd7-4919-b486-f24df068bf52,caldwell.quest,available,1.8,21.98,medium,low,8,namecheap,,,25/09/2026 03:55
6efcd13e-0f3a-4641-b263-409e32310c3d,welfare.quest,available,1.8,21.98,high,low,7,namecheap,,,08/09/2026 03:13
6011ba57-d857-4515-8421-f84a1ac91d73,jesting.quest,available,1.8,19.98,high,low,7,namecheap,,,22/08/2026 12:52
b7e34b44-fb8f-4682-969c-f0781a0cb2b4,collected.quest,available,1.8,19.98,high,low,9,namecheap,,,12/08/2026 17:00
16a6f85e-0063-427f-97b5-2a37d40037ad,ripe.quest,available,1.99,17.29,high,low,4,namesilo,,,27/09/2026 15:25
d16a582a-8398-4b56-87e1-1521fd2b6cfb,bronte.quest,available,1.8,21.98,medium,low,6,namecheap,,,19/09/2026 10:16
32f974b0-d755-460e-958d-df3eb35f52d5,staggering.quest,available,1.8,21.98,medium,low,10,namecheap,,,10/09/2026 18:08
88f8bf0d-51ba-4273-9ed8-53fecfe1956c,protocols.quest,available,1.99,17.29,medium,low,9,namesilo,,,19/09/2026 04:47
a1a403f7-4d9e-452e-962e-0bea262fbc0a,speedup.quest,available,1.99,,high,low,8,name.com,,,
0ba0563d-34b5-4005-ba7d-65855270fed6,anergy.quest,available,1.99,17.29,medium,low,6,namesilo,,,19/09/2026 05:29
7e38f2d3-0718-473c-b4b7-f0bc69cb5ace,catkin.quest,available,1.8,21.98,medium,low,6,namecheap,,,18/09/2026 18:54
a3ce58fc-eb69-4e74-b806-f0323dd64cce,constant.quest,available,1.8,19.98,high,low,8,namecheap,,,11/08/2026 23:02
1f7458e8-3359-4241-b7f5-a8744b9b5da0,drowned.quest,available,1.99,17.29,medium,low,7,namesilo,,,27/09/2026 22:47
e18181b0-2501-4070-a3d3-3e45d57b6197,mask.quest,premium,812.5,,high,low,4,name.com,,,
8dbef264-3f62-4a1e-b97a-ea6389a9c62e,beamish.quest,available,1.8,19.98,medium,low,7,namecheap,,,09/08/2026 04:08
8700eafc-9776-4c4d-83bc-82871c51ddec,palladio.quest,available,1.99,17.29,medium,low,8,namesilo,,,19/09/2026 04:26
690aa103-3821-402b-b492-98459a99cbd1,higher.quest,available,1.99,,high,low,6,name.com,,,
bd43a47b-8fe7-49a2-acd1-ccaa9331e232,apodeme.quest,available,1.8,21.98,medium,low,7,namecheap,,,19/09/2026 18:17